"ID Proizvoda";"Naziv Proizvoda";"Glavni SKU (Sifra)";Proizvodjac;"ID Varijacije";"SKU Varijacije";"Atributi (Varijacije)";"Osnovna Cena (bez PDV)";"Cena Varijacije (bez PDV)";"Stanje (Zaliha)";"URL Slike"
544;"BASIC 100% WHEY 1,8kg (Na ovaj proizvod se ne odobrava dodatni popust)";;"1. BASIC SUPPLEMENTS";2224;00979;Ukus:Čokolada;4158.33;4158.33;0;https://www.ogistra-nutrition-shop.com/4851-large_default/the-basic-100-whey-protein-1800-grama.jpg
544;"BASIC 100% WHEY 1,8kg (Na ovaj proizvod se ne odobrava dodatni popust)";;"1. BASIC SUPPLEMENTS";2225;00978;Ukus:Jagoda;4158.33;4158.33;0;https://www.ogistra-nutrition-shop.com/2078-large_default/the-basic-100-whey-protein-1800-grama.jpg
544;"BASIC 100% WHEY 1,8kg (Na ovaj proizvod se ne odobrava dodatni popust)";;"1. BASIC SUPPLEMENTS";2226;00980;"Ukus:Cookie and cream";4158.33;4158.33;0;https://www.ogistra-nutrition-shop.com/2079-large_default/the-basic-100-whey-protein-1800-grama.jpg
1190;"TESTOPRO - 180 Capsule BS";;"1. BASIC SUPPLEMENTS";;;;0.00;0.00;136;https://www.ogistra-nutrition-shop.com/2482-large_default/testopro-180-capsule-bs.jpg
1200;"PRO WHEY / 2270GR - BASIC SUPPLEMENTS";;"1. BASIC SUPPLEMENTS";3023;01842;"Ukus:White Chocolate & Cookie";7716.67;7716.67;16;https://www.ogistra-nutrition-shop.com/3781-large_default/pro-whey-227kg-premium-whey-protein.jpg
1200;"PRO WHEY / 2270GR - BASIC SUPPLEMENTS";;"1. BASIC SUPPLEMENTS";3026;01845;"Ukus:Ice Cream Vanilla";7716.67;7716.67;102;https://www.ogistra-nutrition-shop.com/3778-large_default/pro-whey-227kg-premium-whey-protein.jpg
1200;"PRO WHEY / 2270GR - BASIC SUPPLEMENTS";;"1. BASIC SUPPLEMENTS";3028;01857;"Ukus:Creamy Double Chocolate";7716.67;7716.67;157;https://www.ogistra-nutrition-shop.com/3777-large_default/pro-whey-227kg-premium-whey-protein.jpg
1200;"PRO WHEY / 2270GR - BASIC SUPPLEMENTS";;"1. BASIC SUPPLEMENTS";3314;01843;"Ukus:Strawberry Yoghurt";7716.67;7716.67;257;https://www.ogistra-nutrition-shop.com/3780-large_default/pro-whey-227kg-premium-whey-protein.jpg
1200;"PRO WHEY / 2270GR - BASIC SUPPLEMENTS";;"1. BASIC SUPPLEMENTS";4218;01844;Ukus:Raffaello;7716.67;7716.67;341;https://www.ogistra-nutrition-shop.com/3779-large_default/pro-whey-227kg-premium-whey-protein.jpg
1200;"PRO WHEY / 2270GR - BASIC SUPPLEMENTS";;"1. BASIC SUPPLEMENTS";4348;01870;Ukus:Banana;7716.67;7716.67;241;https://www.ogistra-nutrition-shop.com/3776-large_default/pro-whey-227kg-premium-whey-protein.jpg
1200;"PRO WHEY / 2270GR - BASIC SUPPLEMENTS";;"1. BASIC SUPPLEMENTS";4349;01858;"Ukus:Cookie and cream";7716.67;7716.67;285;https://www.ogistra-nutrition-shop.com/3778-large_default/pro-whey-227kg-premium-whey-protein.jpg
1204;"PRO WHEY  / 908GR - BASIC SUPPLEMENTS";;"1. BASIC SUPPLEMENTS";3030;01853;"Ukus:Ice Cream Vanilla";3800.00;3800.00;84;https://www.ogistra-nutrition-shop.com/3786-large_default/pro-whey-908grama-basic-supplements.jpg
1204;"PRO WHEY  / 908GR - BASIC SUPPLEMENTS";;"1. BASIC SUPPLEMENTS";3031;01855;"Ukus:Cookie's & Cream";3800.00;3800.00;477;https://www.ogistra-nutrition-shop.com/3784-large_default/pro-whey-908grama-basic-supplements.jpg
1204;"PRO WHEY  / 908GR - BASIC SUPPLEMENTS";;"1. BASIC SUPPLEMENTS";3034;01850;"Ukus:White Chocolate & Cookie";3800.00;3800.00;633;https://www.ogistra-nutrition-shop.com/3789-large_default/pro-whey-908grama-basic-supplements.jpg
1204;"PRO WHEY  / 908GR - BASIC SUPPLEMENTS";;"1. BASIC SUPPLEMENTS";3035;01854;"Ukus:Creamy Double Chocolate";3800.00;3800.00;374;https://www.ogistra-nutrition-shop.com/3785-large_default/pro-whey-908grama-basic-supplements.jpg
1204;"PRO WHEY  / 908GR - BASIC SUPPLEMENTS";;"1. BASIC SUPPLEMENTS";3036;01852;Ukus:Raffaello;3800.00;3800.00;401;https://www.ogistra-nutrition-shop.com/3787-large_default/pro-whey-908grama-basic-supplements.jpg
1204;"PRO WHEY  / 908GR - BASIC SUPPLEMENTS";;"1. BASIC SUPPLEMENTS";3313;01851;"Ukus:Strawberry Yoghurt";3800.00;3800.00;275;https://www.ogistra-nutrition-shop.com/3788-large_default/pro-whey-908grama-basic-supplements.jpg
1204;"PRO WHEY  / 908GR - BASIC SUPPLEMENTS";;"1. BASIC SUPPLEMENTS";4347;01856;Ukus:Banana;3800.00;3800.00;102;https://www.ogistra-nutrition-shop.com/3783-large_default/pro-whey-908grama-basic-supplements.jpg
1205;"MULTI PRO  MULTIVITAMIN- BASIC SUPPLEMENTS";;"1. BASIC SUPPLEMENTS";;;;0.00;0.00;0;https://www.ogistra-nutrition-shop.com/2526-large_default/multi-pro-basic-supplements.jpg
1206;"OMEGA 3 PRO 120 SOFT GEL - BASIC SUPPLEMENTS";01859;"1. BASIC SUPPLEMENTS";;;;991.67;991.67;1038;https://www.ogistra-nutrition-shop.com/3797-large_default/omega-3-pro-basic-supplements.jpg
1207;"ASHWAGANDHA PRO 120 KAPSULA - BASIC SUPPLEMENTS";01878;"1. BASIC SUPPLEMENTS";;;;1908.33;1908.33;76;https://www.ogistra-nutrition-shop.com/3800-large_default/ashwaganda-pro-basic-supplements.jpg
1208;"NAC PRO 120 KAPSULA - BASIC SUPPLEMENT(N-Acetyl L-Cysteine)";01871;"1. BASIC SUPPLEMENTS";;;;1658.33;1658.33;777;https://www.ogistra-nutrition-shop.com/3796-large_default/nac-pro-basic-supplements.jpg
1209;"SHREDX PRO 200 KAPSULA - BASIC SUPPLEMENTS";01849;"1. BASIC SUPPLEMENTS";;;;2408.33;2408.33;393;https://www.ogistra-nutrition-shop.com/3850-large_default/shredx-pro-200kapsula-basic-supplements.jpg
1210;"TESTO PRO 180 KAPSULA - BASIC SUPPLEMENTS";01837;"1. BASIC SUPPLEMENTS";;;;2241.67;2241.67;436;https://www.ogistra-nutrition-shop.com/4509-large_default/testo-pro-180-kapsula-basic-supplements.jpg
1211;"GLUTA PRO / 1000GR - Glutamin BASIC SUPPLEMENTS";01861;"1. BASIC SUPPLEMENTS";;;;3000.00;3000.00;512;https://www.ogistra-nutrition-shop.com/4123-large_default/gluta-pro-1000g-basic-supplements.jpg
1213;"BCAA PRO 8:1:1 / 300GR - BASIC SUPPLEMENTS";;"1. BASIC SUPPLEMENTS";3038;01866;"Ukus:Fresh Green Apple";1958.33;1958.33;185;https://www.ogistra-nutrition-shop.com/3951-large_default/bcaa-pro-811-basic-supplements.jpg
1213;"BCAA PRO 8:1:1 / 300GR - BASIC SUPPLEMENTS";;"1. BASIC SUPPLEMENTS";3961;01865;Ukus:Neutral;1958.33;1958.33;71;https://www.ogistra-nutrition-shop.com/3955-large_default/bcaa-pro-811-basic-supplements.jpg
1213;"BCAA PRO 8:1:1 / 300GR - BASIC SUPPLEMENTS";;"1. BASIC SUPPLEMENTS";4364;01864;"Ukus:Orange & Lemon";1958.33;1958.33;191;https://www.ogistra-nutrition-shop.com/3951-large_default/bcaa-pro-811-basic-supplements.jpg
1214;"CREA PRO  -Kreatin /300 grama BASIC SUPPLEMENTS";01863;"1. BASIC SUPPLEMENTS";;;;1958.33;1958.33;4550;https://www.ogistra-nutrition-shop.com/4089-large_default/mikronizovani-kreatin-monohidrat-mesh-200-grade.jpg
1216;"NO P-5  / 300GR - BASIC SUPPLEMENTS NO-REAKTOR";;"1. BASIC SUPPLEMENTS";3040;01868;"Ukus:Orange & Lemon";2408.33;2408.33;176;https://www.ogistra-nutrition-shop.com/3943-large_default/no-p-5-300gr-basic-supplements-no-reaktor.jpg
1216;"NO P-5  / 300GR - BASIC SUPPLEMENTS NO-REAKTOR";;"1. BASIC SUPPLEMENTS";3043;01867;"Ukus:Coca Cola";2408.33;2408.33;0;https://www.ogistra-nutrition-shop.com/3941-large_default/no-p-5-300gr-basic-supplements-no-reaktor.jpg
1216;"NO P-5  / 300GR - BASIC SUPPLEMENTS NO-REAKTOR";;"1. BASIC SUPPLEMENTS";3044;01869;"Ukus:Sour Blue Raspberry";2408.33;2408.33;399;https://www.ogistra-nutrition-shop.com/3940-large_default/no-p-5-300gr-basic-supplements-no-reaktor.jpg
1217;"PRO MASS / 2600GR - BASIC SUPPLEMENTS";;"1. BASIC SUPPLEMENTS";3045;01876;Ukus:Strawberry;4158.33;4158.33;73;https://www.ogistra-nutrition-shop.com/2580-large_default/pro-mass-gainer-2600g-basic-supplements.jpg
1217;"PRO MASS / 2600GR - BASIC SUPPLEMENTS";;"1. BASIC SUPPLEMENTS";3047;01877;"Ukus:Milk Chocolate";4158.33;4158.33;96;https://www.ogistra-nutrition-shop.com/2581-large_default/pro-mass-gainer-2600g-basic-supplements.jpg
1217;"PRO MASS / 2600GR - BASIC SUPPLEMENTS";;"1. BASIC SUPPLEMENTS";4352;;Ukus:Vanila;4158.33;4158.33;139;https://www.ogistra-nutrition-shop.com/2580-large_default/pro-mass-gainer-2600g-basic-supplements.jpg
1218;"PRO BAR / 60GR - BASIC SUPPLEMENTS";;"1. BASIC SUPPLEMENTS";3048;01889;"Ukus:Caribbean Dream";175.00;175.00;4985;https://www.ogistra-nutrition-shop.com/3266-large_default/pro-bar-60g-basic-supplements.jpg
1218;"PRO BAR / 60GR - BASIC SUPPLEMENTS";;"1. BASIC SUPPLEMENTS";3049;01891;"Ukus:Ruby Chocolate";175.00;175.00;4630;https://www.ogistra-nutrition-shop.com/3269-large_default/pro-bar-60g-basic-supplements.jpg
1218;"PRO BAR / 60GR - BASIC SUPPLEMENTS";;"1. BASIC SUPPLEMENTS";3050;01890;"Ukus:Chocolate & Coconut";175.00;175.00;4348;https://www.ogistra-nutrition-shop.com/3268-large_default/pro-bar-60g-basic-supplements.jpg
1218;"PRO BAR / 60GR - BASIC SUPPLEMENTS";;"1. BASIC SUPPLEMENTS";3510;02011;"Ukus:Chocolate & Strawberry";175.00;175.00;4895;https://www.ogistra-nutrition-shop.com/3267-large_default/pro-bar-60g-basic-supplements.jpg
1219;"PRO MASS / 5200GR - BASIC SUPPLEMENTS";;"1. BASIC SUPPLEMENTS";3053;01873;Ukus:Strawberry;7075.00;7075.00;0;https://www.ogistra-nutrition-shop.com/2591-large_default/pro-mass-gainer-5200g-basic-supplements.jpg
1219;"PRO MASS / 5200GR - BASIC SUPPLEMENTS";;"1. BASIC SUPPLEMENTS";4281;;Ukus:Vanila;7075.00;7075.00;0;https://www.ogistra-nutrition-shop.com/2590-large_default/pro-mass-gainer-5200g-basic-supplements.jpg
1220;"PRO WHEY /4300GR - BASIC SUPPLEMENTS";;"1. BASIC SUPPLEMENTS";3054;01840;"Ukus:Cookie's & Cream";10991.67;10991.67;238;https://www.ogistra-nutrition-shop.com/3947-large_default/pro-whey-4300grama-basic-supplements.jpg
1220;"PRO WHEY /4300GR - BASIC SUPPLEMENTS";;"1. BASIC SUPPLEMENTS";3055;01841;"Ukus:Banana Split";10991.67;10991.67;118;https://www.ogistra-nutrition-shop.com/3945-large_default/pro-whey-4300grama-basic-supplements.jpg
1220;"PRO WHEY /4300GR - BASIC SUPPLEMENTS";;"1. BASIC SUPPLEMENTS";3056;01838;"Ukus:Ice Cream Vanilla";10991.67;10991.67;166;https://www.ogistra-nutrition-shop.com/3948-large_default/pro-whey-4300grama-basic-supplements.jpg
1220;"PRO WHEY /4300GR - BASIC SUPPLEMENTS";;"1. BASIC SUPPLEMENTS";3058;01839;"Ukus:Creamy Double Chocolate";10991.67;10991.67;237;https://www.ogistra-nutrition-shop.com/3946-large_default/pro-whey-4300grama-basic-supplements.jpg
1220;"PRO WHEY /4300GR - BASIC SUPPLEMENTS";;"1. BASIC SUPPLEMENTS";3315;01847;"Ukus:Strawberry Yoghurt";10991.67;10991.67;106;https://www.ogistra-nutrition-shop.com/3944-large_default/pro-whey-4300grama-basic-supplements.jpg
1220;"PRO WHEY /4300GR - BASIC SUPPLEMENTS";;"1. BASIC SUPPLEMENTS";3896;01848;"Ukus:White Chocolate & Cookie";10991.67;10991.67;421;https://www.ogistra-nutrition-shop.com/3950-large_default/pro-whey-4300grama-basic-supplements.jpg
1220;"PRO WHEY /4300GR - BASIC SUPPLEMENTS";;"1. BASIC SUPPLEMENTS";4346;01846;Ukus:Raffaello;10991.67;10991.67;216;https://www.ogistra-nutrition-shop.com/3948-large_default/pro-whey-4300grama-basic-supplements.jpg
1230;"BASIC OVERSIZED - GREY DUKS";;"1. BASIC SUPPLEMENTS";3092;;Veličina:M;2083.33;2083.33;0;https://www.ogistra-nutrition-shop.com/2648-large_default/basic-oversized-military-green-duks.jpg
1230;"BASIC OVERSIZED - GREY DUKS";;"1. BASIC SUPPLEMENTS";3093;;Veličina:L;2083.33;2083.33;0;https://www.ogistra-nutrition-shop.com/2648-large_default/basic-oversized-military-green-duks.jpg
1230;"BASIC OVERSIZED - GREY DUKS";;"1. BASIC SUPPLEMENTS";3094;;Veličina:XL;2083.33;2083.33;0;https://www.ogistra-nutrition-shop.com/2648-large_default/basic-oversized-military-green-duks.jpg
1241;"RONIN Paket – Whey Protein 2.27kg + BCAA + Glutamine 1000g";;"1. BASIC SUPPLEMENTS";;;;11533.33;11533.33;113;https://www.ogistra-nutrition-shop.com/4122-large_default/ronin-paket-suplementi.jpg
1242;"GET MAXXED Paket – Whey Protein 2.27kg + Kreatin + BCAA + NAC";;"1. BASIC SUPPLEMENTS";;;;12150.00;12150.00;151;https://www.ogistra-nutrition-shop.com/2676-large_default/the-nutrition-xxl-paket-2-na-ovaj-paket-se-ne-odobrava-dodatni-popust-.jpg
1244;"ZMA PRO 120 kapsula BASIC SUPPLEMENTS";01902;"1. BASIC SUPPLEMENTS";;;;991.67;991.67;1153;https://www.ogistra-nutrition-shop.com/3809-large_default/zma-pro-120-kapsula-basic-supplements.jpg
1249;"Gut Balance Probiotic - 90 Vegan Kapsula sa 10 Biliona CFU";01961;"1. BASIC SUPPLEMENTS";;;;2191.67;2191.67;736;https://www.ogistra-nutrition-shop.com/4371-large_default/probiotic-gut-balance.jpg
1250;"DIGESTIVE PRO / 90 VEGAN CAPSULE";01938;"1. BASIC SUPPLEMENTS";;;;1600.00;1600.00;636;https://www.ogistra-nutrition-shop.com/4507-large_default/digestive-pro-90-vegan-capsule.jpg
1251;"P-5 SHOT 60ml / Psychopath by Vaso Bakocevic";;"1. BASIC SUPPLEMENTS";3156;01932;"Ukus:Coca Cola";175.00;175.00;1345;https://www.ogistra-nutrition-shop.com/3212-large_default/p-5-shot-60ml-psychopath.jpg
1251;"P-5 SHOT 60ml / Psychopath by Vaso Bakocevic";;"1. BASIC SUPPLEMENTS";3157;01931;Ukus:Borovnica;175.00;175.00;4547;https://www.ogistra-nutrition-shop.com/3212-large_default/p-5-shot-60ml-psychopath.jpg
1252;"ACETYL L-CARNITINE PRO / 150 VEGAN CAPSULE";01940;"1. BASIC SUPPLEMENTS";;;;2291.67;2291.67;932;https://www.ogistra-nutrition-shop.com/4404-large_default/acetyl-l-carnitine-pro-150-vegan-capsule.jpg
1253;"MAGNEZIJUM CITRATE PRO / 200 VEGAN CAPSULE";01965;"1. BASIC SUPPLEMENTS";;;;1491.67;1491.67;495;https://www.ogistra-nutrition-shop.com/3956-large_default/magnesium-citrate-pro-200-vegan-capsule.jpg
1254;"VITAMIN D3 + K2 (MK-7) PRO / 90 SOFTGEL CAPSULE";02008;"1. BASIC SUPPLEMENTS";;;;1575.00;1575.00;1099;https://www.ogistra-nutrition-shop.com/4408-large_default/vitamind3k2.jpg
1255;"TRIBULUS PRO / 60 VEGAN CAPSULES";01936;"1. BASIC SUPPLEMENTS";;;;1275.00;1275.00;0;https://www.ogistra-nutrition-shop.com/2815-large_default/tribulus-pro-.jpg
1256;"L-CITRULIN PRO / 400G";01939;"1. BASIC SUPPLEMENTS";;;;2250.00;2250.00;152;https://www.ogistra-nutrition-shop.com/2839-large_default/l-citrulline-pro-400g.jpg
1257;"L-ARGININE PRO / 400G";01941;"1. BASIC SUPPLEMENTS";;;;2666.67;2666.67;218;https://www.ogistra-nutrition-shop.com/2842-large_default/l-arginine-pro-400g.jpg
1259;"OMEGA 3 PRO 300 SOFT GEL - BASIC SUPPLEMENTS";01944;"1. BASIC SUPPLEMENTS";;;;2075.00;2075.00;335;https://www.ogistra-nutrition-shop.com/3795-large_default/omega-3-pro-300-soft-gel-basic-supplements.jpg
1260;"ESSENTIAL AMINO ACID / EAA PRO 300G BASIC SUPPLEMENTS";;"1. BASIC SUPPLEMENTS";3158;01943;"Ukus:Orange & Lemon";2241.67;2241.67;499;https://www.ogistra-nutrition-shop.com/2828-large_default/essential-amino-acid-eaa-pro-300g-basic-supplements.jpg
1260;"ESSENTIAL AMINO ACID / EAA PRO 300G BASIC SUPPLEMENTS";;"1. BASIC SUPPLEMENTS";3159;01942;"Ukus:Fresh Green Apple";2241.67;2241.67;607;https://www.ogistra-nutrition-shop.com/2825-large_default/essential-amino-acid-eaa-pro-300g-basic-supplements.jpg
1261;"ISO-PRO® WHEY 2KG / BASIC SUPPLEMENTS";;"1. BASIC SUPPLEMENTS";3160;01947;"Ukus:Cookie's & Cream";9158.33;9158.33;141;https://www.ogistra-nutrition-shop.com/3851-large_default/iso-pro-whey-2kg-basic-supplements.jpg
1261;"ISO-PRO® WHEY 2KG / BASIC SUPPLEMENTS";;"1. BASIC SUPPLEMENTS";3161;01948;"Ukus:Dark Chocolate Creme";9158.33;9158.33;83;https://www.ogistra-nutrition-shop.com/3854-large_default/iso-pro-whey-2kg-basic-supplements.jpg
1261;"ISO-PRO® WHEY 2KG / BASIC SUPPLEMENTS";;"1. BASIC SUPPLEMENTS";3162;01945;"Ukus:Creamy Vanilla";9158.33;9158.33;141;https://www.ogistra-nutrition-shop.com/3853-large_default/iso-pro-whey-2kg-basic-supplements.jpg
1261;"ISO-PRO® WHEY 2KG / BASIC SUPPLEMENTS";;"1. BASIC SUPPLEMENTS";3163;01946;"Ukus:Strawberry Yoghurt";9158.33;9158.33;64;https://www.ogistra-nutrition-shop.com/3855-large_default/iso-pro-whey-2kg-basic-supplements.jpg
1261;"ISO-PRO® WHEY 2KG / BASIC SUPPLEMENTS";;"1. BASIC SUPPLEMENTS";3381;01947;Ukus:Tiramisu;9158.33;9158.33;0;https://www.ogistra-nutrition-shop.com/3852-large_default/iso-pro-whey-2kg-basic-supplements.jpg
1262;"PILL BOX / DOZER ZA TABLETE BASIC SUPPLEMENTS";;"1. BASIC SUPPLEMENTS";4103;02000;Boja:Crna;183.33;183.33;0;https://www.ogistra-nutrition-shop.com/3237-large_default/pill-box-dozer-za-tablete.jpg
1262;"PILL BOX / DOZER ZA TABLETE BASIC SUPPLEMENTS";;"1. BASIC SUPPLEMENTS";4104;02192;Boja:Transparentna;183.33;183.33;0;https://www.ogistra-nutrition-shop.com/4180-large_default/pill-box-dozer-za-tablete.jpg
1291;"BASIC STANDARD LADY SHIRT";;"1. BASIC SUPPLEMENTS";3301;;"Boja:Belo | Veličina:S";0.00;0.00;0;https://www.ogistra-nutrition-shop.com/2952-large_default/basic-standard-lady-shirt.jpg
1291;"BASIC STANDARD LADY SHIRT";;"1. BASIC SUPPLEMENTS";3302;;"Boja:Belo | Veličina:M";0.00;0.00;0;https://www.ogistra-nutrition-shop.com/2952-large_default/basic-standard-lady-shirt.jpg
1291;"BASIC STANDARD LADY SHIRT";;"1. BASIC SUPPLEMENTS";3303;;"Boja:Belo | Veličina:L";0.00;0.00;0;https://www.ogistra-nutrition-shop.com/2952-large_default/basic-standard-lady-shirt.jpg
1292;"BASIC PERFORMANCE LADY SHIRT";;"1. BASIC SUPPLEMENTS";3304;;"Boja:Crna | Veličina:S";0.00;0.00;5;https://www.ogistra-nutrition-shop.com/2953-large_default/basic-performance-lady-shirt.jpg
1292;"BASIC PERFORMANCE LADY SHIRT";;"1. BASIC SUPPLEMENTS";3305;;"Boja:Creme | Veličina:S";0.00;0.00;10;https://www.ogistra-nutrition-shop.com/2954-large_default/basic-performance-lady-shirt.jpg
1292;"BASIC PERFORMANCE LADY SHIRT";;"1. BASIC SUPPLEMENTS";3306;;"Boja:Crna | Veličina:M";0.00;0.00;6;https://www.ogistra-nutrition-shop.com/2953-large_default/basic-performance-lady-shirt.jpg
1292;"BASIC PERFORMANCE LADY SHIRT";;"1. BASIC SUPPLEMENTS";3307;;"Boja:Creme | Veličina:M";0.00;0.00;7;https://www.ogistra-nutrition-shop.com/2954-large_default/basic-performance-lady-shirt.jpg
1292;"BASIC PERFORMANCE LADY SHIRT";;"1. BASIC SUPPLEMENTS";3308;;"Boja:Crna | Veličina:L";0.00;0.00;4;https://www.ogistra-nutrition-shop.com/2953-large_default/basic-performance-lady-shirt.jpg
1292;"BASIC PERFORMANCE LADY SHIRT";;"1. BASIC SUPPLEMENTS";3309;;"Boja:Creme | Veličina:L";0.00;0.00;0;https://www.ogistra-nutrition-shop.com/2954-large_default/basic-performance-lady-shirt.jpg
1295;"Collagen PRO - KOLAGEN 400G - BASIC SUPPLEMENTS";01964;"1. BASIC SUPPLEMENTS";3312;;"Ukus:Strawberry & Orange Punch";2075.00;2075.00;0;https://www.ogistra-nutrition-shop.com/3856-large_default/collagen-pro-kolagen400grama-basic-supplements.jpg
1302;"GUT BUNDLE - PROBIOTIC + DIGESTIVE ENZYME®";01971;"1. BASIC SUPPLEMENTS";;;;3791.67;3791.67;940;https://www.ogistra-nutrition-shop.com/4372-large_default/gut-bundle-probiotic-digestive-enzyme.jpg
1305;"ELASTIČNI STEZNICI ZA ZGLOB - BASIC WRIST WRAPS";01982;"1. BASIC SUPPLEMENTS";4534;;Boja:Crna;491.67;491.67;584;https://www.ogistra-nutrition-shop.com/3055-large_default/elasticni-steznici-za-zglob-basic-wrist-wraps.jpg
1306;"GURTNE - BASIC WEIGHTLIFTING STRAPS";01981;"1. BASIC SUPPLEMENTS";;;;541.67;541.67;254;https://www.ogistra-nutrition-shop.com/3059-large_default/gurtne-basic-straps.jpg
1307;"STEZNICI ZA KOLENA - BASIC KNEE WRAPS";01980;"1. BASIC SUPPLEMENTS";;;;1083.33;1083.33;719;https://www.ogistra-nutrition-shop.com/3064-large_default/steznici-za-kolena-basic-knee-wraps.jpg
1308;"MUŠKE RUKAVICE ZA TRENING - BASIC MEN GLOVES";01979;"1. BASIC SUPPLEMENTS";3378;;Veličina:M;875.00;875.00;26;https://www.ogistra-nutrition-shop.com/3068-large_default/muske-rukavice-za-trening-basic-men-gloves.jpg
1308;"MUŠKE RUKAVICE ZA TRENING - BASIC MEN GLOVES";01979;"1. BASIC SUPPLEMENTS";3379;;Veličina:L;875.00;875.00;16;https://www.ogistra-nutrition-shop.com/3068-large_default/muske-rukavice-za-trening-basic-men-gloves.jpg
1308;"MUŠKE RUKAVICE ZA TRENING - BASIC MEN GLOVES";01979;"1. BASIC SUPPLEMENTS";3380;;Veličina:XL;875.00;875.00;9;https://www.ogistra-nutrition-shop.com/3068-large_default/muske-rukavice-za-trening-basic-men-gloves.jpg
1308;"MUŠKE RUKAVICE ZA TRENING - BASIC MEN GLOVES";01979;"1. BASIC SUPPLEMENTS";3387;;"Boja:Crna | Veličina:XXL";875.00;875.00;0;https://www.ogistra-nutrition-shop.com/3068-large_default/muske-rukavice-za-trening-basic-men-gloves.jpg
1309;"PAKET ZA NJU";;"1. BASIC SUPPLEMENTS";;;;7450.00;7450.00;99;https://www.ogistra-nutrition-shop.com/3637-large_default/the-nutrition-xxl-paket-2-na-ovaj-paket-se-ne-odobrava-dodatni-popust-.jpg
1310;"PAKET ZA NJEGA";;"1. BASIC SUPPLEMENTS";;;;6483.33;6483.33;0;https://www.ogistra-nutrition-shop.com/3830-large_default/promotivni-paket-whey-protein-creatine-tribulus-snizenje.jpg
1313;"PROTEIN PANCAKE MIX 700G - PROTEINSKE PALAČINKE";(01998);"1. BASIC SUPPLEMENTS";3385;;Ukus:Vanila;1575.00;1575.00;163;https://www.ogistra-nutrition-shop.com/3079-large_default/protein-pancake-mix-proteinske-palacinke.jpg
1314;"CREAM OF RICE - PIRINČANI GRIZ 2000G BASIC SUPPLEMENTS";(01997);"1. BASIC SUPPLEMENTS";;;;2658.33;2658.33;0;https://www.ogistra-nutrition-shop.com/3083-large_default/cream-of-rice-pirincani-griz-2000g-basic-supplements.jpg
1316;"ŽENSKE RUKAVICE ZA TRENING - BASIC WOMEN GLOVES";01978;"1. BASIC SUPPLEMENTS";3392;;Veličina:XS;708.33;708.33;0;https://www.ogistra-nutrition-shop.com/3094-large_default/zenske-rukavice-za-trening-basic-women-gloves.jpg
1316;"ŽENSKE RUKAVICE ZA TRENING - BASIC WOMEN GLOVES";01978;"1. BASIC SUPPLEMENTS";3393;;Veličina:S;708.33;708.33;0;https://www.ogistra-nutrition-shop.com/3094-large_default/zenske-rukavice-za-trening-basic-women-gloves.jpg
1316;"ŽENSKE RUKAVICE ZA TRENING - BASIC WOMEN GLOVES";01978;"1. BASIC SUPPLEMENTS";3394;;Veličina:M;708.33;708.33;0;https://www.ogistra-nutrition-shop.com/3094-large_default/zenske-rukavice-za-trening-basic-women-gloves.jpg
1325;"PRO WHEY / 30G SACHET";;"1. BASIC SUPPLEMENTS";3458;01989;"Ukus:Creamy Double Chocolate";158.33;158.33;360;https://www.ogistra-nutrition-shop.com/3258-large_default/pro-whey-30g-sachet.jpg
1325;"PRO WHEY / 30G SACHET";;"1. BASIC SUPPLEMENTS";3459;01988;"Ukus:White Chocolate & Cookie";158.33;158.33;1861;https://www.ogistra-nutrition-shop.com/3259-large_default/pro-whey-30g-sachet.jpg
1325;"PRO WHEY / 30G SACHET";;"1. BASIC SUPPLEMENTS";3460;01987;"Ukus:Banana Split";158.33;158.33;911;https://www.ogistra-nutrition-shop.com/3257-large_default/pro-whey-30g-sachet.jpg
1332;"CREA PRO  - Kreatin  / 1000grama BASIC SUPPLEMENTS";01999;"1. BASIC SUPPLEMENTS";;;;4208.33;4208.33;992;https://www.ogistra-nutrition-shop.com/4094-large_default/mikronizovani-kreatin-monohidrat-mesh-200-grad.jpg
1333;"PEACH SHAKER 500ML - BASIC SUPPLEMENTS";02002;"1. BASIC SUPPLEMENTS";3487;;Boja:Narandžasta;208.33;208.33;344;https://www.ogistra-nutrition-shop.com/3231-large_default/peach-500ml-shaker-basic-supplements.jpg
1334;"WHITE SHAKER 500ML - BASIC SUPPLEMENTS";02003;"1. BASIC SUPPLEMENTS";3491;;Boja:Belo;208.33;208.33;2274;https://www.ogistra-nutrition-shop.com/3235-large_default/white-500ml-shaker-basic-supplements.jpg
1338;"Magnezijum Bisglicinat (Magnesium Bisglycinate) - 120 VEGAN KAPSULA";02010;"1. BASIC SUPPLEMENTS";;;;1975.00;1975.00;6460;https://www.ogistra-nutrition-shop.com/4503-large_default/magnezijum-bisglicinat-magnesium-bisglycinate-120-vegan-kapsula.jpg
1339;"KOENZIM Q10 100MG (COENZYME) - 60 VEGAN KAPSULA";02009;"1. BASIC SUPPLEMENTS";;;;1800.00;1800.00;23;https://www.ogistra-nutrition-shop.com/3806-large_default/koenzim-q10-100mg-coenzyme-60-vegan-kapsula.jpg
1341;"CHROMA OVERSIZED DUKS - FOREST GREEN (ŽENSKI)";;"1. BASIC SUPPLEMENTS";;;;0.00;0.00;0;https://www.ogistra-nutrition-shop.com/3272-large_default/chroma-oversized-duks-forest-green-zenski.jpg
1357;"WOMEN CROP TOP BASIC T-SHIRT - BLACK";02016;"1. BASIC SUPPLEMENTS";3592;;Veličina:XS;1000.00;1000.00;0;https://www.ogistra-nutrition-shop.com/3352-large_default/women-crop-top-basic-t-shirt-black.jpg
1358;"WOMEN CROP TOP BASIC T-SHIRT - WHITE";02016;"1. BASIC SUPPLEMENTS";3594;;Veličina:XS;1000.00;1000.00;44;https://www.ogistra-nutrition-shop.com/3354-large_default/women-crop-top-basic-t-shirt-black.jpg
1358;"WOMEN CROP TOP BASIC T-SHIRT - WHITE";02016;"1. BASIC SUPPLEMENTS";3595;;Veličina:S;1000.00;1000.00;27;https://www.ogistra-nutrition-shop.com/3354-large_default/women-crop-top-basic-t-shirt-black.jpg
1360;"BASIC ŽENSKI TOP";02018;"1. BASIC SUPPLEMENTS";3601;;Veličina:S;708.33;708.33;-1;https://www.ogistra-nutrition-shop.com/3364-large_default/basic-zenski-top.jpg
1360;"BASIC ŽENSKI TOP";02018;"1. BASIC SUPPLEMENTS";3602;;Veličina:M;708.33;708.33;0;https://www.ogistra-nutrition-shop.com/3364-large_default/basic-zenski-top.jpg
1364;"CHRISTMAS SHAKER - 500ML BASIC SUPPLEMENTS";;"1. BASIC SUPPLEMENTS";4530;02226;Boja:Crvena;291.67;291.67;245;https://www.ogistra-nutrition-shop.com/4835-large_default/700ml-basic-shaker.jpg
1364;"CHRISTMAS SHAKER - 500ML BASIC SUPPLEMENTS";;"1. BASIC SUPPLEMENTS";4531;02227;"Boja:Maslinasto zelena";291.67;291.67;207;https://www.ogistra-nutrition-shop.com/4834-large_default/700ml-basic-shaker.jpg
1452;"BEAUTY PAKET - COLLAGEN + COENZYME Q10";02038;"1. BASIC SUPPLEMENTS";;;;3875.00;3875.00;0;https://www.ogistra-nutrition-shop.com/3857-large_default/beauty-paket-collagen-coenzyme-q10.jpg
1467;"KOMPLET TRENERKA - AEROCHICK BS-PROLECNO CISCENJE(na ovaj proizvod se ne odobrava dodatni popust)";;"1. BASIC SUPPLEMENTS";3907;;"Boja:Roza | Veličina:S";6500.00;6500.00;0;https://www.ogistra-nutrition-shop.com/3833-large_default/basic-komplet-trenerke-aerochic.jpg
1467;"KOMPLET TRENERKA - AEROCHICK BS-PROLECNO CISCENJE(na ovaj proizvod se ne odobrava dodatni popust)";;"1. BASIC SUPPLEMENTS";3908;;"Boja:Roza | Veličina:M";6500.00;6500.00;4;https://www.ogistra-nutrition-shop.com/3833-large_default/basic-komplet-trenerke-aerochic.jpg
1469;"BASIC DUKS SA KAPULJAČOM AEROFIT-na ovaj proizvod se ne odobrava dodatni popust";01976;"1. BASIC SUPPLEMENTS";3731;;"Boja:Siva | Veličina:M";3250.00;3250.00;1;https://www.ogistra-nutrition-shop.com/3682-large_default/basic-duks-sa-kapuljacom-aerofit.jpg
1469;"BASIC DUKS SA KAPULJAČOM AEROFIT-na ovaj proizvod se ne odobrava dodatni popust";01976;"1. BASIC SUPPLEMENTS";3732;;"Boja:Zelena | Veličina:M";3250.00;3250.00;0;https://www.ogistra-nutrition-shop.com/3684-large_default/basic-duks-sa-kapuljacom-aerofit.jpg
1469;"BASIC DUKS SA KAPULJAČOM AEROFIT-na ovaj proizvod se ne odobrava dodatni popust";01976;"1. BASIC SUPPLEMENTS";3734;;"Boja:Bež | Veličina:M";3250.00;3250.00;1;https://www.ogistra-nutrition-shop.com/3681-large_default/basic-duks-sa-kapuljacom-aerofit.jpg
1469;"BASIC DUKS SA KAPULJAČOM AEROFIT-na ovaj proizvod se ne odobrava dodatni popust";01976;"1. BASIC SUPPLEMENTS";3736;;"Boja:Crna | Veličina:M";3250.00;3250.00;0;https://www.ogistra-nutrition-shop.com/3680-large_default/basic-duks-sa-kapuljacom-aerofit.jpg
1469;"BASIC DUKS SA KAPULJAČOM AEROFIT-na ovaj proizvod se ne odobrava dodatni popust";01976;"1. BASIC SUPPLEMENTS";3738;;"Boja:Siva | Veličina:L";3250.00;3250.00;0;https://www.ogistra-nutrition-shop.com/3682-large_default/basic-duks-sa-kapuljacom-aerofit.jpg
1469;"BASIC DUKS SA KAPULJAČOM AEROFIT-na ovaj proizvod se ne odobrava dodatni popust";01976;"1. BASIC SUPPLEMENTS";3739;;"Boja:Zelena | Veličina:L";3250.00;3250.00;0;https://www.ogistra-nutrition-shop.com/3684-large_default/basic-duks-sa-kapuljacom-aerofit.jpg
1469;"BASIC DUKS SA KAPULJAČOM AEROFIT-na ovaj proizvod se ne odobrava dodatni popust";01976;"1. BASIC SUPPLEMENTS";3741;;"Boja:Bež | Veličina:L";3250.00;3250.00;0;https://www.ogistra-nutrition-shop.com/3681-large_default/basic-duks-sa-kapuljacom-aerofit.jpg
1469;"BASIC DUKS SA KAPULJAČOM AEROFIT-na ovaj proizvod se ne odobrava dodatni popust";01976;"1. BASIC SUPPLEMENTS";3743;;"Boja:Crna | Veličina:L";3250.00;3250.00;0;https://www.ogistra-nutrition-shop.com/3680-large_default/basic-duks-sa-kapuljacom-aerofit.jpg
1469;"BASIC DUKS SA KAPULJAČOM AEROFIT-na ovaj proizvod se ne odobrava dodatni popust";01976;"1. BASIC SUPPLEMENTS";3745;;"Boja:Siva | Veličina:XL";3250.00;3250.00;0;https://www.ogistra-nutrition-shop.com/3682-large_default/basic-duks-sa-kapuljacom-aerofit.jpg
1469;"BASIC DUKS SA KAPULJAČOM AEROFIT-na ovaj proizvod se ne odobrava dodatni popust";01976;"1. BASIC SUPPLEMENTS";3746;;"Boja:Zelena | Veličina:XL";3250.00;3250.00;0;https://www.ogistra-nutrition-shop.com/3684-large_default/basic-duks-sa-kapuljacom-aerofit.jpg
1469;"BASIC DUKS SA KAPULJAČOM AEROFIT-na ovaj proizvod se ne odobrava dodatni popust";01976;"1. BASIC SUPPLEMENTS";3748;;"Boja:Bež | Veličina:XL";3250.00;3250.00;0;https://www.ogistra-nutrition-shop.com/3681-large_default/basic-duks-sa-kapuljacom-aerofit.jpg
1469;"BASIC DUKS SA KAPULJAČOM AEROFIT-na ovaj proizvod se ne odobrava dodatni popust";01976;"1. BASIC SUPPLEMENTS";3750;;"Boja:Crna | Veličina:XL";3250.00;3250.00;0;https://www.ogistra-nutrition-shop.com/3680-large_default/basic-duks-sa-kapuljacom-aerofit.jpg
1469;"BASIC DUKS SA KAPULJAČOM AEROFIT-na ovaj proizvod se ne odobrava dodatni popust";01976;"1. BASIC SUPPLEMENTS";3791;;"Boja:boja kapucina | Veličina:M";3250.00;3250.00;1;https://www.ogistra-nutrition-shop.com/3683-large_default/basic-duks-sa-kapuljacom-aerofit.jpg
1469;"BASIC DUKS SA KAPULJAČOM AEROFIT-na ovaj proizvod se ne odobrava dodatni popust";01976;"1. BASIC SUPPLEMENTS";3792;;"Boja:boja kapucina | Veličina:L";3250.00;3250.00;0;https://www.ogistra-nutrition-shop.com/3683-large_default/basic-duks-sa-kapuljacom-aerofit.jpg
1469;"BASIC DUKS SA KAPULJAČOM AEROFIT-na ovaj proizvod se ne odobrava dodatni popust";01976;"1. BASIC SUPPLEMENTS";3793;;"Boja:boja kapucina | Veličina:XL";3250.00;3250.00;0;https://www.ogistra-nutrition-shop.com/3683-large_default/basic-duks-sa-kapuljacom-aerofit.jpg
1470;"BASIC DUKS BEZ KAPULJAČE AEROFIT-na ovaj proizvod se ne odobrava dodatni popust";01975;"1. BASIC SUPPLEMENTS";3752;;"Boja:Crna | Veličina:M";3000.00;3000.00;2;https://www.ogistra-nutrition-shop.com/3738-large_default/basic-duks-bez-kapuljace-aerofit.jpg
1470;"BASIC DUKS BEZ KAPULJAČE AEROFIT-na ovaj proizvod se ne odobrava dodatni popust";01975;"1. BASIC SUPPLEMENTS";3753;;"Boja:Tamno siva | Veličina:M";3000.00;3000.00;0;https://www.ogistra-nutrition-shop.com/3740-large_default/basic-duks-bez-kapuljace-aerofit.jpg
1470;"BASIC DUKS BEZ KAPULJAČE AEROFIT-na ovaj proizvod se ne odobrava dodatni popust";01975;"1. BASIC SUPPLEMENTS";3754;;"Boja:Narandžasta | Veličina:M";3000.00;3000.00;3;https://www.ogistra-nutrition-shop.com/3741-large_default/basic-duks-bez-kapuljace-aerofit.jpg
1470;"BASIC DUKS BEZ KAPULJAČE AEROFIT-na ovaj proizvod se ne odobrava dodatni popust";01975;"1. BASIC SUPPLEMENTS";3755;;"Boja:Bež | Veličina:M";3000.00;3000.00;3;https://www.ogistra-nutrition-shop.com/3739-large_default/basic-duks-bez-kapuljace-aerofit.jpg
1470;"BASIC DUKS BEZ KAPULJAČE AEROFIT-na ovaj proizvod se ne odobrava dodatni popust";01975;"1. BASIC SUPPLEMENTS";3756;;"Boja:Plava | Veličina:M";3000.00;3000.00;3;https://www.ogistra-nutrition-shop.com/3685-large_default/basic-duks-bez-kapuljace-aerofit.jpg
1470;"BASIC DUKS BEZ KAPULJAČE AEROFIT-na ovaj proizvod se ne odobrava dodatni popust";01975;"1. BASIC SUPPLEMENTS";3757;;"Boja:Zelena | Veličina:M";3000.00;3000.00;2;https://www.ogistra-nutrition-shop.com/3685-large_default/basic-duks-bez-kapuljace-aerofit.jpg
1470;"BASIC DUKS BEZ KAPULJAČE AEROFIT-na ovaj proizvod se ne odobrava dodatni popust";01975;"1. BASIC SUPPLEMENTS";3759;;"Boja:Crna | Veličina:L";3000.00;3000.00;0;https://www.ogistra-nutrition-shop.com/3738-large_default/basic-duks-bez-kapuljace-aerofit.jpg
1470;"BASIC DUKS BEZ KAPULJAČE AEROFIT-na ovaj proizvod se ne odobrava dodatni popust";01975;"1. BASIC SUPPLEMENTS";3760;;"Boja:Tamno siva | Veličina:L";3000.00;3000.00;0;https://www.ogistra-nutrition-shop.com/3740-large_default/basic-duks-bez-kapuljace-aerofit.jpg
1470;"BASIC DUKS BEZ KAPULJAČE AEROFIT-na ovaj proizvod se ne odobrava dodatni popust";01975;"1. BASIC SUPPLEMENTS";3761;;"Boja:Narandžasta | Veličina:L";3000.00;3000.00;2;https://www.ogistra-nutrition-shop.com/3741-large_default/basic-duks-bez-kapuljace-aerofit.jpg
1470;"BASIC DUKS BEZ KAPULJAČE AEROFIT-na ovaj proizvod se ne odobrava dodatni popust";01975;"1. BASIC SUPPLEMENTS";3762;;"Boja:Bež | Veličina:L";3000.00;3000.00;0;https://www.ogistra-nutrition-shop.com/3739-large_default/basic-duks-bez-kapuljace-aerofit.jpg
1470;"BASIC DUKS BEZ KAPULJAČE AEROFIT-na ovaj proizvod se ne odobrava dodatni popust";01975;"1. BASIC SUPPLEMENTS";3763;;"Boja:Plava | Veličina:L";3000.00;3000.00;2;https://www.ogistra-nutrition-shop.com/3685-large_default/basic-duks-bez-kapuljace-aerofit.jpg
1470;"BASIC DUKS BEZ KAPULJAČE AEROFIT-na ovaj proizvod se ne odobrava dodatni popust";01975;"1. BASIC SUPPLEMENTS";3764;;"Boja:Zelena | Veličina:L";3000.00;3000.00;0;https://www.ogistra-nutrition-shop.com/3685-large_default/basic-duks-bez-kapuljace-aerofit.jpg
1470;"BASIC DUKS BEZ KAPULJAČE AEROFIT-na ovaj proizvod se ne odobrava dodatni popust";01975;"1. BASIC SUPPLEMENTS";3766;;"Boja:Crna | Veličina:XL";3000.00;3000.00;0;https://www.ogistra-nutrition-shop.com/3738-large_default/basic-duks-bez-kapuljace-aerofit.jpg
1470;"BASIC DUKS BEZ KAPULJAČE AEROFIT-na ovaj proizvod se ne odobrava dodatni popust";01975;"1. BASIC SUPPLEMENTS";3767;;"Boja:Tamno siva | Veličina:XL";3000.00;3000.00;0;https://www.ogistra-nutrition-shop.com/3740-large_default/basic-duks-bez-kapuljace-aerofit.jpg
1470;"BASIC DUKS BEZ KAPULJAČE AEROFIT-na ovaj proizvod se ne odobrava dodatni popust";01975;"1. BASIC SUPPLEMENTS";3768;;"Boja:Narandžasta | Veličina:XL";3000.00;3000.00;2;https://www.ogistra-nutrition-shop.com/3741-large_default/basic-duks-bez-kapuljace-aerofit.jpg
1470;"BASIC DUKS BEZ KAPULJAČE AEROFIT-na ovaj proizvod se ne odobrava dodatni popust";01975;"1. BASIC SUPPLEMENTS";3769;;"Boja:Bež | Veličina:XL";3000.00;3000.00;1;https://www.ogistra-nutrition-shop.com/3739-large_default/basic-duks-bez-kapuljace-aerofit.jpg
1470;"BASIC DUKS BEZ KAPULJAČE AEROFIT-na ovaj proizvod se ne odobrava dodatni popust";01975;"1. BASIC SUPPLEMENTS";3770;;"Boja:Plava | Veličina:XL";3000.00;3000.00;1;https://www.ogistra-nutrition-shop.com/3685-large_default/basic-duks-bez-kapuljace-aerofit.jpg
1470;"BASIC DUKS BEZ KAPULJAČE AEROFIT-na ovaj proizvod se ne odobrava dodatni popust";01975;"1. BASIC SUPPLEMENTS";3771;;"Boja:Zelena | Veličina:XL";3000.00;3000.00;0;https://www.ogistra-nutrition-shop.com/3685-large_default/basic-duks-bez-kapuljace-aerofit.jpg
1470;"BASIC DUKS BEZ KAPULJAČE AEROFIT-na ovaj proizvod se ne odobrava dodatni popust";01975;"1. BASIC SUPPLEMENTS";3861;;"Boja:boja kapucina | Veličina:M";3000.00;3000.00;3;https://www.ogistra-nutrition-shop.com/3742-large_default/basic-duks-bez-kapuljace-aerofit.jpg
1470;"BASIC DUKS BEZ KAPULJAČE AEROFIT-na ovaj proizvod se ne odobrava dodatni popust";01975;"1. BASIC SUPPLEMENTS";3862;;"Boja:boja kapucina | Veličina:L";3000.00;3000.00;0;https://www.ogistra-nutrition-shop.com/3742-large_default/basic-duks-bez-kapuljace-aerofit.jpg
1470;"BASIC DUKS BEZ KAPULJAČE AEROFIT-na ovaj proizvod se ne odobrava dodatni popust";01975;"1. BASIC SUPPLEMENTS";3863;;"Boja:boja kapucina | Veličina:XL";3000.00;3000.00;0;https://www.ogistra-nutrition-shop.com/3742-large_default/basic-duks-bez-kapuljace-aerofit.jpg
1474;"ELASTIČNI STEZNICI ZA ZGLOB - BASIC WRIST WRAPS";01982;"1. BASIC SUPPLEMENTS";;;;491.67;491.67;195;https://www.ogistra-nutrition-shop.com/3659-large_default/elasticni-steznici-za-zglob-basic-wrist-wraps.jpg
1479;"BASIC ŽENSKI DONJI DEO TRENERKE AEROCHIC-(na ovaj proizvod se ne odobrava dodatni popust)";02119;"1. BASIC SUPPLEMENTS";3794;;"Boja:Tamno siva | Veličina:S";3250.00;3250.00;0;https://www.ogistra-nutrition-shop.com/3733-large_default/basic-donji-deo-trenerke-aerochic.jpg
1479;"BASIC ŽENSKI DONJI DEO TRENERKE AEROCHIC-(na ovaj proizvod se ne odobrava dodatni popust)";02119;"1. BASIC SUPPLEMENTS";3796;;"Boja:Zelena | Veličina:S";3250.00;3250.00;0;https://www.ogistra-nutrition-shop.com/3736-large_default/basic-donji-deo-trenerke-aerochic.jpg
1479;"BASIC ŽENSKI DONJI DEO TRENERKE AEROCHIC-(na ovaj proizvod se ne odobrava dodatni popust)";02119;"1. BASIC SUPPLEMENTS";3797;;"Boja:Tamno siva | Veličina:M";3250.00;3250.00;0;https://www.ogistra-nutrition-shop.com/3733-large_default/basic-donji-deo-trenerke-aerochic.jpg
1479;"BASIC ŽENSKI DONJI DEO TRENERKE AEROCHIC-(na ovaj proizvod se ne odobrava dodatni popust)";02119;"1. BASIC SUPPLEMENTS";3803;;"Boja:Siva | Veličina:S";3250.00;3250.00;0;https://www.ogistra-nutrition-shop.com/3733-large_default/basic-donji-deo-trenerke-aerochic.jpg
1479;"BASIC ŽENSKI DONJI DEO TRENERKE AEROCHIC-(na ovaj proizvod se ne odobrava dodatni popust)";02119;"1. BASIC SUPPLEMENTS";3804;;"Boja:Siva | Veličina:M";3250.00;3250.00;0;https://www.ogistra-nutrition-shop.com/3733-large_default/basic-donji-deo-trenerke-aerochic.jpg
1479;"BASIC ŽENSKI DONJI DEO TRENERKE AEROCHIC-(na ovaj proizvod se ne odobrava dodatni popust)";02119;"1. BASIC SUPPLEMENTS";3806;;"Boja:Plava | Veličina:S";3250.00;3250.00;0;https://www.ogistra-nutrition-shop.com/3733-large_default/basic-donji-deo-trenerke-aerochic.jpg
1479;"BASIC ŽENSKI DONJI DEO TRENERKE AEROCHIC-(na ovaj proizvod se ne odobrava dodatni popust)";02119;"1. BASIC SUPPLEMENTS";3807;;"Boja:Plava | Veličina:M";3250.00;3250.00;0;https://www.ogistra-nutrition-shop.com/3733-large_default/basic-donji-deo-trenerke-aerochic.jpg
1481;"ONE MORE REP MUŠKA MAJICA - BASIC- (na ovaj proizvod se ne odobrava dodatni popust)";01992;"1. BASIC SUPPLEMENTS";3812;;Veličina:M;1166.67;1166.67;0;https://www.ogistra-nutrition-shop.com/3689-large_default/basic-one-more-rep-muska-majica.jpg
1481;"ONE MORE REP MUŠKA MAJICA - BASIC- (na ovaj proizvod se ne odobrava dodatni popust)";01992;"1. BASIC SUPPLEMENTS";3813;;Veličina:XL;1166.67;1166.67;0;https://www.ogistra-nutrition-shop.com/3689-large_default/basic-one-more-rep-muska-majica.jpg
1481;"ONE MORE REP MUŠKA MAJICA - BASIC- (na ovaj proizvod se ne odobrava dodatni popust)";01992;"1. BASIC SUPPLEMENTS";3815;;Veličina:L;1166.67;1166.67;0;https://www.ogistra-nutrition-shop.com/3689-large_default/basic-one-more-rep-muska-majica.jpg
1482;"LIFTING CLUB BASIC MUŠKA MAJICA-BLACK FRIDAY( na ovaj proizvod se ne odobrava dodatni popust)";01993;"1. BASIC SUPPLEMENTS";3816;;Veličina:L;1166.67;1166.67;0;https://www.ogistra-nutrition-shop.com/3694-large_default/basic-lifting-club-majica.jpg
1482;"LIFTING CLUB BASIC MUŠKA MAJICA-BLACK FRIDAY( na ovaj proizvod se ne odobrava dodatni popust)";01993;"1. BASIC SUPPLEMENTS";3817;;Veličina:XL;1166.67;1166.67;0;https://www.ogistra-nutrition-shop.com/3694-large_default/basic-lifting-club-majica.jpg
1482;"LIFTING CLUB BASIC MUŠKA MAJICA-BLACK FRIDAY( na ovaj proizvod se ne odobrava dodatni popust)";01993;"1. BASIC SUPPLEMENTS";3819;;Veličina:M;1166.67;1166.67;0;https://www.ogistra-nutrition-shop.com/3694-large_default/basic-lifting-club-majica.jpg
1502;"ASHWAGANDHA KSM-66® 90 KAPSULA - BASIC SUPPLEMENTS";02121;"1. BASIC SUPPLEMENTS";;;;2241.67;2241.67;1180;https://www.ogistra-nutrition-shop.com/3814-large_default/ashwagandha-ksm-66-90-kapsula-basic-supplements.jpg
1505;"DUKS OG BASIC - 1301202500022";02122;"1. BASIC SUPPLEMENTS";3909;;Veličina:M;2916.67;2916.67;36;https://www.ogistra-nutrition-shop.com/3839-large_default/duks-og-basic.jpg
1505;"DUKS OG BASIC - 1301202500022";02122;"1. BASIC SUPPLEMENTS";3910;;Veličina:L;2916.67;2916.67;37;https://www.ogistra-nutrition-shop.com/3839-large_default/duks-og-basic.jpg
1505;"DUKS OG BASIC - 1301202500022";02122;"1. BASIC SUPPLEMENTS";3911;;Veličina:XL;2916.67;2916.67;36;https://www.ogistra-nutrition-shop.com/3839-large_default/duks-og-basic.jpg
1506;"DUKS ORIGINAL BASIC - 1301202500015";02123;"1. BASIC SUPPLEMENTS";3912;;Veličina:M;2916.67;2916.67;38;https://www.ogistra-nutrition-shop.com/3840-large_default/duks-original-basic-1301202500015.jpg
1506;"DUKS ORIGINAL BASIC - 1301202500015";02123;"1. BASIC SUPPLEMENTS";3913;;Veličina:L;2916.67;2916.67;29;https://www.ogistra-nutrition-shop.com/3840-large_default/duks-original-basic-1301202500015.jpg
1506;"DUKS ORIGINAL BASIC - 1301202500015";02123;"1. BASIC SUPPLEMENTS";3914;;Veličina:XL;2916.67;2916.67;26;https://www.ogistra-nutrition-shop.com/3840-large_default/duks-original-basic-1301202500015.jpg
1535;"Vegan Protein - 908g | Biljni Protein iz Pirinča i Graška";;"1. BASIC SUPPLEMENTS";3992;02181;"Ukus:Vegan Butter";2291.67;2291.67;0;https://www.ogistra-nutrition-shop.com/3989-large_default/vegan-protein-908g-biljni-protein-iz-pirinca-i-graska.jpg
1535;"Vegan Protein - 908g | Biljni Protein iz Pirinča i Graška";;"1. BASIC SUPPLEMENTS";3993;02183;"Ukus:Chocolate Rush";2291.67;2291.67;-1;https://www.ogistra-nutrition-shop.com/3987-large_default/vegan-protein-908g-biljni-protein-iz-pirinca-i-graska.jpg
1535;"Vegan Protein - 908g | Biljni Protein iz Pirinča i Graška";;"1. BASIC SUPPLEMENTS";3994;02182;"Ukus:Velvet Vanilla";2291.67;2291.67;0;https://www.ogistra-nutrition-shop.com/3991-large_default/vegan-protein-908g-biljni-protein-iz-pirinca-i-graska.jpg
1562;"HYDRATION – Pametna formula za energiju, ravnotežu i oporavak (16g)";02191;"1. BASIC SUPPLEMENTS";4576;;"Veličina:1 KUTIJIA (12 Komada)";100.00;100.00;6609;https://www.ogistra-nutrition-shop.com/4913-large_default/hydration-pametna-formula-za-energiju-ravnotezu-i-oporavak-16g.jpg
1562;"HYDRATION – Pametna formula za energiju, ravnotežu i oporavak (16g)";02191;"1. BASIC SUPPLEMENTS";4577;;"Veličina:1 KESICA";100.00;100.00;11479;https://www.ogistra-nutrition-shop.com/4913-large_default/hydration-pametna-formula-za-energiju-ravnotezu-i-oporavak-16g.jpg
1571;"Plastična flašica za vodu 700 ml - BASIC SUPPLEMENTS";;"1. BASIC SUPPLEMENTS";4101;02194;Boja:Crna;241.67;241.67;173;https://www.ogistra-nutrition-shop.com/4175-large_default/plasticna-boca-za-vodu-700ml-bez-bpa.jpg
1571;"Plastična flašica za vodu 700 ml - BASIC SUPPLEMENTS";;"1. BASIC SUPPLEMENTS";4102;02193;Boja:Belo;241.67;241.67;165;https://www.ogistra-nutrition-shop.com/4175-large_default/plasticna-boca-za-vodu-700ml-bez-bpa.jpg
1572;"Peškir BASIC SUPPLEMENTS – Mek, upijajući i praktičan";02195;"1. BASIC SUPPLEMENTS";;;;1250.00;1250.00;0;https://www.ogistra-nutrition-shop.com/4177-large_default/peskir-basic-supplements-mikrofiber-pamuk.jpg
1573;"TANK TOP MAJICE – BASIC BS04042025-004";;"1. BASIC SUPPLEMENTS";4162;02196;"Boja:Crvena | Veličina:M";0.00;825.00;0;https://www.ogistra-nutrition-shop.com/4289-large_default/tank-top-majice-pamuk-likra.jpg
1573;"TANK TOP MAJICE – BASIC BS04042025-004";;"1. BASIC SUPPLEMENTS";4163;02198;"Boja:Crna | Veličina:M";0.00;825.00;0;https://www.ogistra-nutrition-shop.com/4304-large_default/tank-top-majice-pamuk-likra.jpg
1573;"TANK TOP MAJICE – BASIC BS04042025-004";;"1. BASIC SUPPLEMENTS";4164;02197;"Boja:Bež | Veličina:M";0.00;825.00;0;https://www.ogistra-nutrition-shop.com/4297-large_default/tank-top-majice-pamuk-likra.jpg
1573;"TANK TOP MAJICE – BASIC BS04042025-004";;"1. BASIC SUPPLEMENTS";4165;02196;"Boja:Crvena | Veličina:L";0.00;825.00;28;https://www.ogistra-nutrition-shop.com/4289-large_default/tank-top-majice-pamuk-likra.jpg
1573;"TANK TOP MAJICE – BASIC BS04042025-004";;"1. BASIC SUPPLEMENTS";4166;02198;"Boja:Crna | Veličina:L";0.00;825.00;4;https://www.ogistra-nutrition-shop.com/4304-large_default/tank-top-majice-pamuk-likra.jpg
1573;"TANK TOP MAJICE – BASIC BS04042025-004";;"1. BASIC SUPPLEMENTS";4167;02197;"Boja:Bež | Veličina:L";0.00;825.00;52;https://www.ogistra-nutrition-shop.com/4297-large_default/tank-top-majice-pamuk-likra.jpg
1573;"TANK TOP MAJICE – BASIC BS04042025-004";;"1. BASIC SUPPLEMENTS";4168;02196;"Boja:Crvena | Veličina:XL";0.00;825.00;50;https://www.ogistra-nutrition-shop.com/4289-large_default/tank-top-majice-pamuk-likra.jpg
1573;"TANK TOP MAJICE – BASIC BS04042025-004";;"1. BASIC SUPPLEMENTS";4169;02198;"Boja:Crna | Veličina:XL";0.00;825.00;31;https://www.ogistra-nutrition-shop.com/4304-large_default/tank-top-majice-pamuk-likra.jpg
1573;"TANK TOP MAJICE – BASIC BS04042025-004";;"1. BASIC SUPPLEMENTS";4170;02197;"Boja:Bež | Veličina:XL";0.00;825.00;54;https://www.ogistra-nutrition-shop.com/4297-large_default/tank-top-majice-pamuk-likra.jpg
1573;"TANK TOP MAJICE – BASIC BS04042025-004";;"1. BASIC SUPPLEMENTS";4171;02196;"Boja:Crvena | Veličina:XXL";0.00;825.00;14;https://www.ogistra-nutrition-shop.com/4289-large_default/tank-top-majice-pamuk-likra.jpg
1573;"TANK TOP MAJICE – BASIC BS04042025-004";;"1. BASIC SUPPLEMENTS";4172;02198;"Boja:Crna | Veličina:XXL";0.00;825.00;17;https://www.ogistra-nutrition-shop.com/4304-large_default/tank-top-majice-pamuk-likra.jpg
1573;"TANK TOP MAJICE – BASIC BS04042025-004";;"1. BASIC SUPPLEMENTS";4173;02197;"Boja:Bež | Veličina:XXL";0.00;825.00;22;https://www.ogistra-nutrition-shop.com/4297-large_default/tank-top-majice-pamuk-likra.jpg
1575;"SEAMLESS MAJICA BASIC - 04042025-002";;"1. BASIC SUPPLEMENTS";4120;02190;"Boja:Crvena | Veličina:M";0.00;1208.33;0;https://www.ogistra-nutrition-shop.com/4259-large_default/seamless-majice-muske.jpg
1575;"SEAMLESS MAJICA BASIC - 04042025-002";;"1. BASIC SUPPLEMENTS";4121;02188;"Boja:Crna | Veličina:M";0.00;1208.33;0;https://www.ogistra-nutrition-shop.com/4280-large_default/seamless-majice-muske.jpg
1575;"SEAMLESS MAJICA BASIC - 04042025-002";;"1. BASIC SUPPLEMENTS";4122;02189;"Boja:Belo | Veličina:M";0.00;1208.33;0;https://www.ogistra-nutrition-shop.com/4270-large_default/seamless-majice-muske.jpg
1575;"SEAMLESS MAJICA BASIC - 04042025-002";;"1. BASIC SUPPLEMENTS";4123;02190;"Boja:Crvena | Veličina:L";0.00;1208.33;0;https://www.ogistra-nutrition-shop.com/4259-large_default/seamless-majice-muske.jpg
1575;"SEAMLESS MAJICA BASIC - 04042025-002";;"1. BASIC SUPPLEMENTS";4124;02188;"Boja:Crna | Veličina:L";0.00;1208.33;24;https://www.ogistra-nutrition-shop.com/4280-large_default/seamless-majice-muske.jpg
1575;"SEAMLESS MAJICA BASIC - 04042025-002";;"1. BASIC SUPPLEMENTS";4125;02189;"Boja:Belo | Veličina:L";0.00;1208.33;0;https://www.ogistra-nutrition-shop.com/4270-large_default/seamless-majice-muske.jpg
1575;"SEAMLESS MAJICA BASIC - 04042025-002";;"1. BASIC SUPPLEMENTS";4126;02190;"Boja:Crvena | Veličina:XL";0.00;1208.33;28;https://www.ogistra-nutrition-shop.com/4259-large_default/seamless-majice-muske.jpg
1575;"SEAMLESS MAJICA BASIC - 04042025-002";;"1. BASIC SUPPLEMENTS";4127;02188;"Boja:Crna | Veličina:XL";0.00;1208.33;53;https://www.ogistra-nutrition-shop.com/4280-large_default/seamless-majice-muske.jpg
1575;"SEAMLESS MAJICA BASIC - 04042025-002";;"1. BASIC SUPPLEMENTS";4128;02189;"Boja:Belo | Veličina:XL";0.00;1208.33;81;https://www.ogistra-nutrition-shop.com/4270-large_default/seamless-majice-muske.jpg
1575;"SEAMLESS MAJICA BASIC - 04042025-002";;"1. BASIC SUPPLEMENTS";4129;02190;"Boja:Crvena | Veličina:XXL";0.00;1208.33;0;https://www.ogistra-nutrition-shop.com/4259-large_default/seamless-majice-muske.jpg
1575;"SEAMLESS MAJICA BASIC - 04042025-002";;"1. BASIC SUPPLEMENTS";4130;02188;"Boja:Crna | Veličina:XXL";0.00;1208.33;0;https://www.ogistra-nutrition-shop.com/4280-large_default/seamless-majice-muske.jpg
1575;"SEAMLESS MAJICA BASIC - 04042025-002";;"1. BASIC SUPPLEMENTS";4131;02189;"Boja:Belo | Veličina:XXL";0.00;1208.33;0;https://www.ogistra-nutrition-shop.com/4270-large_default/seamless-majice-muske.jpg
1576;"DROP ARM V-SHAPE MAJICA - 04042025-003";;"1. BASIC SUPPLEMENTS";4150;02186;"Boja:Crna | Veličina:M";0.00;1125.00;0;https://www.ogistra-nutrition-shop.com/4233-large_default/drop-arm-majice-muske.jpg
1576;"DROP ARM V-SHAPE MAJICA - 04042025-003";;"1. BASIC SUPPLEMENTS";4151;02185;"Boja:Crvena | Veličina:M";0.00;1125.00;10;https://www.ogistra-nutrition-shop.com/4240-large_default/drop-arm-majice-muske.jpg
1576;"DROP ARM V-SHAPE MAJICA - 04042025-003";;"1. BASIC SUPPLEMENTS";4152;02187;"Boja:Svetlo siva | Veličina:M";0.00;1125.00;0;https://www.ogistra-nutrition-shop.com/4251-large_default/drop-arm-majice-muske.jpg
1576;"DROP ARM V-SHAPE MAJICA - 04042025-003";;"1. BASIC SUPPLEMENTS";4153;02186;"Boja:Crna | Veličina:L";0.00;1125.00;28;https://www.ogistra-nutrition-shop.com/4233-large_default/drop-arm-majice-muske.jpg
1576;"DROP ARM V-SHAPE MAJICA - 04042025-003";;"1. BASIC SUPPLEMENTS";4154;02186;"Boja:Crvena | Veličina:L";0.00;1125.00;59;https://www.ogistra-nutrition-shop.com/4240-large_default/drop-arm-majice-muske.jpg
1576;"DROP ARM V-SHAPE MAJICA - 04042025-003";;"1. BASIC SUPPLEMENTS";4155;02187;"Boja:Svetlo siva | Veličina:L";0.00;1125.00;45;https://www.ogistra-nutrition-shop.com/4251-large_default/drop-arm-majice-muske.jpg
1576;"DROP ARM V-SHAPE MAJICA - 04042025-003";;"1. BASIC SUPPLEMENTS";4156;02186;"Boja:Crna | Veličina:XL";0.00;1125.00;52;https://www.ogistra-nutrition-shop.com/4233-large_default/drop-arm-majice-muske.jpg
1576;"DROP ARM V-SHAPE MAJICA - 04042025-003";;"1. BASIC SUPPLEMENTS";4157;02185;"Boja:Crvena | Veličina:XL";0.00;1125.00;62;https://www.ogistra-nutrition-shop.com/4240-large_default/drop-arm-majice-muske.jpg
1576;"DROP ARM V-SHAPE MAJICA - 04042025-003";;"1. BASIC SUPPLEMENTS";4158;02187;"Boja:Svetlo siva | Veličina:XL";0.00;1125.00;54;https://www.ogistra-nutrition-shop.com/4251-large_default/drop-arm-majice-muske.jpg
1576;"DROP ARM V-SHAPE MAJICA - 04042025-003";;"1. BASIC SUPPLEMENTS";4159;02186;"Boja:Crna | Veličina:XXL";0.00;1125.00;5;https://www.ogistra-nutrition-shop.com/4233-large_default/drop-arm-majice-muske.jpg
1576;"DROP ARM V-SHAPE MAJICA - 04042025-003";;"1. BASIC SUPPLEMENTS";4160;02185;"Boja:Crvena | Veličina:XXL";0.00;1125.00;13;https://www.ogistra-nutrition-shop.com/4240-large_default/drop-arm-majice-muske.jpg
1576;"DROP ARM V-SHAPE MAJICA - 04042025-003";;"1. BASIC SUPPLEMENTS";4161;02187;"Boja:Svetlo siva | Veličina:XXL";0.00;1125.00;8;https://www.ogistra-nutrition-shop.com/4251-large_default/drop-arm-majice-muske.jpg
1577;"CLASSIC OVERSIZED MAJICA - BS-04042025-001";02203;"1. BASIC SUPPLEMENTS";4132;;"Boja:Siva | Veličina:M";1416.67;2833.33;20;https://www.ogistra-nutrition-shop.com/4210-large_default/oversized-majice-muske.jpg
1577;"CLASSIC OVERSIZED MAJICA - BS-04042025-001";02203;"1. BASIC SUPPLEMENTS";4133;;"Boja:Siva | Veličina:L";1416.67;2833.33;23;https://www.ogistra-nutrition-shop.com/4210-large_default/oversized-majice-muske.jpg
1577;"CLASSIC OVERSIZED MAJICA - BS-04042025-001";02203;"1. BASIC SUPPLEMENTS";4134;;"Boja:Siva | Veličina:XL";1416.67;2833.33;62;https://www.ogistra-nutrition-shop.com/4210-large_default/oversized-majice-muske.jpg
1577;"CLASSIC OVERSIZED MAJICA - BS-04042025-001";02203;"1. BASIC SUPPLEMENTS";4135;;"Boja:Siva | Veličina:XXL";1416.67;2833.33;12;https://www.ogistra-nutrition-shop.com/4210-large_default/oversized-majice-muske.jpg
1578;"CLASSIC OVERSIZED MAJICA - BS-04042025-001";02202;"1. BASIC SUPPLEMENTS";4136;;"Boja:Crna | Veličina:M";1416.67;2833.33;24;https://www.ogistra-nutrition-shop.com/4217-large_default/oversized-majice-muske.jpg
1578;"CLASSIC OVERSIZED MAJICA - BS-04042025-001";02202;"1. BASIC SUPPLEMENTS";4137;;"Boja:Crna | Veličina:L";1416.67;2833.33;18;https://www.ogistra-nutrition-shop.com/4217-large_default/oversized-majice-muske.jpg
1578;"CLASSIC OVERSIZED MAJICA - BS-04042025-001";02202;"1. BASIC SUPPLEMENTS";4138;;"Boja:Crna | Veličina:XL";1416.67;2833.33;19;https://www.ogistra-nutrition-shop.com/4217-large_default/oversized-majice-muske.jpg
1578;"CLASSIC OVERSIZED MAJICA - BS-04042025-001";02202;"1. BASIC SUPPLEMENTS";4139;;"Boja:Crna | Veličina:XXL";1416.67;2833.33;2;https://www.ogistra-nutrition-shop.com/4217-large_default/oversized-majice-muske.jpg
1579;"VINTAGE OVERSIZED MAJICA - BS-04042025-006";;"1. BASIC SUPPLEMENTS";4140;02204;"Boja:Crna | Veličina:M";0.00;1416.67;11;https://www.ogistra-nutrition-shop.com/4313-large_default/oversized-majice-muske.jpg
1579;"VINTAGE OVERSIZED MAJICA - BS-04042025-006";;"1. BASIC SUPPLEMENTS";4141;02205;"Boja:Ruby | Veličina:M";0.00;1416.67;20;https://www.ogistra-nutrition-shop.com/4319-large_default/oversized-majice-muske.jpg
1579;"VINTAGE OVERSIZED MAJICA - BS-04042025-006";;"1. BASIC SUPPLEMENTS";4142;02204;"Boja:Crna | Veličina:L";0.00;1416.67;9;https://www.ogistra-nutrition-shop.com/4313-large_default/oversized-majice-muske.jpg
1579;"VINTAGE OVERSIZED MAJICA - BS-04042025-006";;"1. BASIC SUPPLEMENTS";4143;02205;"Boja:Ruby | Veličina:L";0.00;1416.67;27;https://www.ogistra-nutrition-shop.com/4319-large_default/oversized-majice-muske.jpg
1579;"VINTAGE OVERSIZED MAJICA - BS-04042025-006";;"1. BASIC SUPPLEMENTS";4144;02204;"Boja:Crna | Veličina:XL";0.00;1416.67;5;https://www.ogistra-nutrition-shop.com/4313-large_default/oversized-majice-muske.jpg
1579;"VINTAGE OVERSIZED MAJICA - BS-04042025-006";;"1. BASIC SUPPLEMENTS";4145;02205;"Boja:Ruby | Veličina:XL";0.00;1416.67;25;https://www.ogistra-nutrition-shop.com/4319-large_default/oversized-majice-muske.jpg
1579;"VINTAGE OVERSIZED MAJICA - BS-04042025-006";;"1. BASIC SUPPLEMENTS";4146;02204;"Boja:Crna | Veličina:XXL";0.00;1416.67;0;https://www.ogistra-nutrition-shop.com/4313-large_default/oversized-majice-muske.jpg
1579;"VINTAGE OVERSIZED MAJICA - BS-04042025-006";;"1. BASIC SUPPLEMENTS";4147;02205;"Boja:Ruby | Veličina:XXL";0.00;1416.67;0;https://www.ogistra-nutrition-shop.com/4319-large_default/oversized-majice-muske.jpg
1580;"MINT SHAKER 500ML - BASIC SUPPLEMENTS";02206;"1. BASIC SUPPLEMENTS";4149;;Boja:Mint;208.33;208.33;1177;https://www.ogistra-nutrition-shop.com/4209-large_default/basic-shaker-500ml-mint-boja.jpg
1581;"TANK TOP MAJICE – BASIC BS04042025-005";;"1. BASIC SUPPLEMENTS";4174;02200;"Boja:Bež | Veličina:M";0.00;825.00;0;https://www.ogistra-nutrition-shop.com/4343-large_default/tank-top-majice-basic-bs04042025-005.jpg
1581;"TANK TOP MAJICE – BASIC BS04042025-005";;"1. BASIC SUPPLEMENTS";4175;02199;"Boja:Crvena | Veličina:M";0.00;825.00;7;https://www.ogistra-nutrition-shop.com/4328-large_default/tank-top-majice-basic-bs04042025-005.jpg
1581;"TANK TOP MAJICE – BASIC BS04042025-005";;"1. BASIC SUPPLEMENTS";4176;02201;"Boja:Crna | Veličina:M";0.00;825.00;11;https://www.ogistra-nutrition-shop.com/4337-large_default/tank-top-majice-basic-bs04042025-005.jpg
1581;"TANK TOP MAJICE – BASIC BS04042025-005";;"1. BASIC SUPPLEMENTS";4177;02200;"Boja:Bež | Veličina:L";0.00;825.00;48;https://www.ogistra-nutrition-shop.com/4343-large_default/tank-top-majice-basic-bs04042025-005.jpg
1581;"TANK TOP MAJICE – BASIC BS04042025-005";;"1. BASIC SUPPLEMENTS";4178;02199;"Boja:Crvena | Veličina:L";0.00;825.00;58;https://www.ogistra-nutrition-shop.com/4328-large_default/tank-top-majice-basic-bs04042025-005.jpg
1581;"TANK TOP MAJICE – BASIC BS04042025-005";;"1. BASIC SUPPLEMENTS";4179;02201;"Boja:Crna | Veličina:L";0.00;825.00;64;https://www.ogistra-nutrition-shop.com/4337-large_default/tank-top-majice-basic-bs04042025-005.jpg
1581;"TANK TOP MAJICE – BASIC BS04042025-005";;"1. BASIC SUPPLEMENTS";4180;02200;"Boja:Bež | Veličina:XL";0.00;825.00;63;https://www.ogistra-nutrition-shop.com/4343-large_default/tank-top-majice-basic-bs04042025-005.jpg
1581;"TANK TOP MAJICE – BASIC BS04042025-005";;"1. BASIC SUPPLEMENTS";4181;02199;"Boja:Crvena | Veličina:XL";0.00;825.00;73;https://www.ogistra-nutrition-shop.com/4328-large_default/tank-top-majice-basic-bs04042025-005.jpg
1581;"TANK TOP MAJICE – BASIC BS04042025-005";;"1. BASIC SUPPLEMENTS";4182;02201;"Boja:Crna | Veličina:XL";0.00;825.00;59;https://www.ogistra-nutrition-shop.com/4337-large_default/tank-top-majice-basic-bs04042025-005.jpg
1581;"TANK TOP MAJICE – BASIC BS04042025-005";;"1. BASIC SUPPLEMENTS";4183;02200;"Boja:Bež | Veličina:XXL";0.00;825.00;22;https://www.ogistra-nutrition-shop.com/4343-large_default/tank-top-majice-basic-bs04042025-005.jpg
1581;"TANK TOP MAJICE – BASIC BS04042025-005";;"1. BASIC SUPPLEMENTS";4184;02199;"Boja:Crvena | Veličina:XXL";0.00;825.00;22;https://www.ogistra-nutrition-shop.com/4328-large_default/tank-top-majice-basic-bs04042025-005.jpg
1581;"TANK TOP MAJICE – BASIC BS04042025-005";;"1. BASIC SUPPLEMENTS";4185;02201;"Boja:Crna | Veličina:XXL";0.00;825.00;26;https://www.ogistra-nutrition-shop.com/4337-large_default/tank-top-majice-basic-bs04042025-005.jpg
1582;"OVERSIZED MAJICA ATHLETIC CLUB - MORE PROTEIN (9930)";01906;"1. BASIC SUPPLEMENTS";4186;;"Boja:Crna | Veličina:M";1658.33;1658.33;11;https://www.ogistra-nutrition-shop.com/4344-large_default/oversized-athletic-club-more-protein-9930.jpg
1582;"OVERSIZED MAJICA ATHLETIC CLUB - MORE PROTEIN (9930)";01906;"1. BASIC SUPPLEMENTS";4187;;"Boja:Crna | Veličina:L";1658.33;1658.33;8;https://www.ogistra-nutrition-shop.com/4344-large_default/oversized-athletic-club-more-protein-9930.jpg
1582;"OVERSIZED MAJICA ATHLETIC CLUB - MORE PROTEIN (9930)";01906;"1. BASIC SUPPLEMENTS";4188;;"Boja:Crna | Veličina:XL";1658.33;1658.33;0;https://www.ogistra-nutrition-shop.com/4344-large_default/oversized-athletic-club-more-protein-9930.jpg
1582;"OVERSIZED MAJICA ATHLETIC CLUB - MORE PROTEIN (9930)";01906;"1. BASIC SUPPLEMENTS";4189;;"Boja:Crna | Veličina:XXL";1658.33;1658.33;0;https://www.ogistra-nutrition-shop.com/4344-large_default/oversized-athletic-club-more-protein-9930.jpg
1583;"CUT-OFF MAJICA - ATHLETIC CLUB - MORE PROTEIN 9931";01885;"1. BASIC SUPPLEMENTS";4190;;"Boja:Crna | Veličina:M";1658.33;1658.33;17;https://www.ogistra-nutrition-shop.com/4353-large_default/cut-off-majica-athletic-club-more-protein-9931.jpg
1583;"CUT-OFF MAJICA - ATHLETIC CLUB - MORE PROTEIN 9931";01885;"1. BASIC SUPPLEMENTS";4191;;"Boja:Crna | Veličina:L";1658.33;1658.33;11;https://www.ogistra-nutrition-shop.com/4353-large_default/cut-off-majica-athletic-club-more-protein-9931.jpg
1583;"CUT-OFF MAJICA - ATHLETIC CLUB - MORE PROTEIN 9931";01885;"1. BASIC SUPPLEMENTS";4192;;"Boja:Crna | Veličina:XL";1658.33;1658.33;10;https://www.ogistra-nutrition-shop.com/4353-large_default/cut-off-majica-athletic-club-more-protein-9931.jpg
1583;"CUT-OFF MAJICA - ATHLETIC CLUB - MORE PROTEIN 9931";01885;"1. BASIC SUPPLEMENTS";4193;;"Boja:Crna | Veličina:XXL";1658.33;1658.33;0;https://www.ogistra-nutrition-shop.com/4353-large_default/cut-off-majica-athletic-club-more-protein-9931.jpg
1584;"CUT-OFF MAJICA - ATHLETIC CLUB - VINTAGE 25";01967;"1. BASIC SUPPLEMENTS";4194;;"Boja:Crna | Veličina:M";1658.33;1658.33;13;https://www.ogistra-nutrition-shop.com/4361-large_default/cut-off-majica-athletic-club-vintage-25.jpg
1584;"CUT-OFF MAJICA - ATHLETIC CLUB - VINTAGE 25";01967;"1. BASIC SUPPLEMENTS";4195;;"Boja:Crna | Veličina:L";1658.33;1658.33;17;https://www.ogistra-nutrition-shop.com/4361-large_default/cut-off-majica-athletic-club-vintage-25.jpg
1584;"CUT-OFF MAJICA - ATHLETIC CLUB - VINTAGE 25";01967;"1. BASIC SUPPLEMENTS";4196;;"Boja:Crna | Veličina:XL";1658.33;1658.33;12;https://www.ogistra-nutrition-shop.com/4361-large_default/cut-off-majica-athletic-club-vintage-25.jpg
1584;"CUT-OFF MAJICA - ATHLETIC CLUB - VINTAGE 25";01967;"1. BASIC SUPPLEMENTS";4197;;"Boja:Crna | Veličina:XXL";1658.33;1658.33;0;https://www.ogistra-nutrition-shop.com/4361-large_default/cut-off-majica-athletic-club-vintage-25.jpg
1587;"BLACK SHAKER 500ML - BASIC SUPPLEMENTS";02001;"1. BASIC SUPPLEMENTS";4201;02001;Boja:Crna;208.33;208.33;3930;https://www.ogistra-nutrition-shop.com/4378-large_default/700ml-basic-shaker.jpg
1588;"CREA PRO / 1000GR -Kreatin  Black Friday Novembar(na ovaj proizvod se ne odobrava dodatni popust)";"Black Friday November";"1. BASIC SUPPLEMENTS";;;;5050.00;5050.00;547;https://www.ogistra-nutrition-shop.com/4379-large_default/crea-pro-1000gr-kreatin-back-to-school.jpg
1589;"GLUTA PRO / 500GR -Glutamin BASIC SUPPLEMENTS";01860;"1. BASIC SUPPLEMENTS";;;;2000.00;2000.00;3;https://www.ogistra-nutrition-shop.com/4380-large_default/gluta-pro-500gr-glutamin-basic-supplements-summer-sale.jpg
1599;"TRIBULUS TERRESTRIS 60 VEGAN KAPSULA (SUMMER SALE)";"SUMMER SALE";"1. BASIC SUPPLEMENTS";;;;1275.00;1275.00;412;https://www.ogistra-nutrition-shop.com/4392-large_default/tribulus-terrestris-60-vegan-kapsula-summer-sale.jpg
1608;"VEGAN START PAKET";;"1. BASIC SUPPLEMENTS";;;;6908.33;6908.33;499;https://www.ogistra-nutrition-shop.com/4410-large_default/vegan-start-paket-biljni-suplementi.jpg
1610;"POST I ENERGIJA PAKET";;"1. BASIC SUPPLEMENTS";;;;6508.33;6508.33;494;https://www.ogistra-nutrition-shop.com/4412-large_default/post-i-energija-paket-veganski-suplementi.jpg
1615;"GLUTA PRO / 500GR -Black Friday Novembar(na ovaj proizvod se ne odobrava dodatni popust)";"Posno & Fit – Snizili smo cene!";"1. BASIC SUPPLEMENTS";;;;2000.00;2000.00;34;https://www.ogistra-nutrition-shop.com/4450-large_default/gluta-pro-500gr-glutamin-black-friday-novembar.jpg
1619;"DIGESTIVE PRO / 90 VEGAN CAPSULE-Back To School(na ovaj proizvod se ne odobrava dodatni popust)";01938;"1. BASIC SUPPLEMENTS";;;;1600.00;1600.00;90;https://www.ogistra-nutrition-shop.com/4457-large_default/digestive-pro-90-vegan-capsule-back-to-school.jpg
1642;"CREAM OF RICE - PIRINČANI GRIZ 2000G Black Friday Novembar";(01997);"1. BASIC SUPPLEMENTS";;;;2658.33;2658.33;23;https://www.ogistra-nutrition-shop.com/4579-large_default/cream-of-rice-pirincani-griz-2000g-black-friday-novembar.jpg
1648;"PRO MASS 2600g – Mass Gainer za Povećanje Mišićne Mase";;"1. BASIC SUPPLEMENTS";4365;01877;"Ukus:Milk Chocolate";4158.33;4158.33;81;https://www.ogistra-nutrition-shop.com/4587-large_default/pro-mass-gainer-2600g-basic-supplements.jpg
1648;"PRO MASS 2600g – Mass Gainer za Povećanje Mišićne Mase";;"1. BASIC SUPPLEMENTS";4366;01875;Ukus:Vanila;4158.33;4158.33;214;https://www.ogistra-nutrition-shop.com/4589-large_default/pro-mass-gainer-2600g-basic-supplements.jpg
1648;"PRO MASS 2600g – Mass Gainer za Povećanje Mišićne Mase";;"1. BASIC SUPPLEMENTS";4367;01876;Ukus:Strawberry;4158.33;4158.33;0;https://www.ogistra-nutrition-shop.com/4589-large_default/pro-mass-gainer-2600g-basic-supplements.jpg
1649;"PRO MASS 5200g – Mass Gainer za Povećanje Mišićne Mase";;"1. BASIC SUPPLEMENTS";4368;01874;"Ukus:Milk Chocolate";7075.00;7075.00;72;https://www.ogistra-nutrition-shop.com/4592-large_default/pro-mass-gainer-5200g-basic-supplements.jpg
1649;"PRO MASS 5200g – Mass Gainer za Povećanje Mišićne Mase";;"1. BASIC SUPPLEMENTS";4369;01873;Ukus:Strawberry;7075.00;7075.00;49;https://www.ogistra-nutrition-shop.com/4590-large_default/pro-mass-gainer-5200g-basic-supplements.jpg
1649;"PRO MASS 5200g – Mass Gainer za Povećanje Mišićne Mase";;"1. BASIC SUPPLEMENTS";4370;01872;Ukus:Vanila;7075.00;7075.00;51;https://www.ogistra-nutrition-shop.com/4591-large_default/pro-mass-gainer-5200g-basic-supplements.jpg
1652;"Collagen PRO - KOLAGEN 400G - BASIC SUPPLEMENTS Black Friday November";01964;"1. BASIC SUPPLEMENTS";4381;;"Ukus:Strawberry & Orange Punch";2075.00;2075.00;470;https://www.ogistra-nutrition-shop.com/4607-large_default/collagen-pro-kolagen400grama-basic-supplements.jpg
1668;"PRO WHEY - Christmass Cookie LIMITED EDITION";;"1. BASIC SUPPLEMENTS";4447;;"Ukus:Christmas Cookie";6575.00;6575.00;0;https://www.ogistra-nutrition-shop.com/4672-large_default/pro-whey-christmas-cookie.jpg
1669;"BS Men's Oversize T-Shirt";;"1. BASIC SUPPLEMENTS";4448;02236;"Boja:Mint | Veličina:M";2583.33;2583.33;13;https://www.ogistra-nutrition-shop.com/4802-large_default/bs-men-s-oversize-t-shirt.jpg
1669;"BS Men's Oversize T-Shirt";;"1. BASIC SUPPLEMENTS";4449;02235;"Boja:Belo | Veličina:M";2583.33;2583.33;11;https://www.ogistra-nutrition-shop.com/4798-large_default/bs-men-s-oversize-t-shirt.jpg
1669;"BS Men's Oversize T-Shirt";;"1. BASIC SUPPLEMENTS";4450;02236;"Boja:Mint | Veličina:L";2583.33;2583.33;11;https://www.ogistra-nutrition-shop.com/4802-large_default/bs-men-s-oversize-t-shirt.jpg
1669;"BS Men's Oversize T-Shirt";;"1. BASIC SUPPLEMENTS";4451;02235;"Boja:Belo | Veličina:L";2583.33;2583.33;14;https://www.ogistra-nutrition-shop.com/4798-large_default/bs-men-s-oversize-t-shirt.jpg
1669;"BS Men's Oversize T-Shirt";;"1. BASIC SUPPLEMENTS";4452;02236;"Boja:Mint | Veličina:XL";2583.33;2583.33;18;https://www.ogistra-nutrition-shop.com/4802-large_default/bs-men-s-oversize-t-shirt.jpg
1669;"BS Men's Oversize T-Shirt";;"1. BASIC SUPPLEMENTS";4453;02235;"Boja:Belo | Veličina:XL";2583.33;2583.33;19;https://www.ogistra-nutrition-shop.com/4798-large_default/bs-men-s-oversize-t-shirt.jpg
1669;"BS Men's Oversize T-Shirt";;"1. BASIC SUPPLEMENTS";4454;;"Boja:Mint | Veličina:XXL";2583.33;2583.33;15;https://www.ogistra-nutrition-shop.com/4802-large_default/bs-men-s-oversize-t-shirt.jpg
1669;"BS Men's Oversize T-Shirt";;"1. BASIC SUPPLEMENTS";4455;02235;"Boja:Belo | Veličina:XXL";2583.33;2583.33;15;https://www.ogistra-nutrition-shop.com/4798-large_default/bs-men-s-oversize-t-shirt.jpg
1670;"BS Men’s Zip Hoodie";;"1. BASIC SUPPLEMENTS";4456;02231;"Boja:Mint | Veličina:M";4083.33;4083.33;15;https://www.ogistra-nutrition-shop.com/4719-large_default/bs-mens-zip-hoodie.jpg
1670;"BS Men’s Zip Hoodie";;"1. BASIC SUPPLEMENTS";4457;02232;"Boja:Belo | Veličina:M";4083.33;4083.33;16;https://www.ogistra-nutrition-shop.com/4716-large_default/bs-mens-zip-hoodie.jpg
1670;"BS Men’s Zip Hoodie";;"1. BASIC SUPPLEMENTS";4458;02231;"Boja:Mint | Veličina:L";4083.33;4083.33;14;https://www.ogistra-nutrition-shop.com/4719-large_default/bs-mens-zip-hoodie.jpg
1670;"BS Men’s Zip Hoodie";;"1. BASIC SUPPLEMENTS";4459;02232;"Boja:Belo | Veličina:L";4083.33;4083.33;16;https://www.ogistra-nutrition-shop.com/4716-large_default/bs-mens-zip-hoodie.jpg
1670;"BS Men’s Zip Hoodie";;"1. BASIC SUPPLEMENTS";4460;02231;"Boja:Mint | Veličina:XL";4083.33;4083.33;20;https://www.ogistra-nutrition-shop.com/4719-large_default/bs-mens-zip-hoodie.jpg
1670;"BS Men’s Zip Hoodie";;"1. BASIC SUPPLEMENTS";4461;02232;"Boja:Belo | Veličina:XL";4083.33;4083.33;21;https://www.ogistra-nutrition-shop.com/4716-large_default/bs-mens-zip-hoodie.jpg
1670;"BS Men’s Zip Hoodie";;"1. BASIC SUPPLEMENTS";4462;02231;"Boja:Mint | Veličina:XXL";4083.33;4083.33;13;https://www.ogistra-nutrition-shop.com/4719-large_default/bs-mens-zip-hoodie.jpg
1670;"BS Men’s Zip Hoodie";;"1. BASIC SUPPLEMENTS";4463;02232;"Boja:Belo | Veličina:XXL";4083.33;4083.33;15;https://www.ogistra-nutrition-shop.com/4716-large_default/bs-mens-zip-hoodie.jpg
1671;"BS Men’s Oversized Sweatshirt";02230;"1. BASIC SUPPLEMENTS";4464;;"Boja:Bež | Veličina:M";4166.67;4166.67;14;https://www.ogistra-nutrition-shop.com/4692-large_default/bs-mens-oversized-sweatshirt.jpg
1671;"BS Men’s Oversized Sweatshirt";02230;"1. BASIC SUPPLEMENTS";4465;;"Boja:Bež | Veličina:L";4166.67;4166.67;15;https://www.ogistra-nutrition-shop.com/4692-large_default/bs-mens-oversized-sweatshirt.jpg
1671;"BS Men’s Oversized Sweatshirt";02230;"1. BASIC SUPPLEMENTS";4466;;"Boja:Bež | Veličina:XL";4166.67;4166.67;17;https://www.ogistra-nutrition-shop.com/4692-large_default/bs-mens-oversized-sweatshirt.jpg
1671;"BS Men’s Oversized Sweatshirt";02230;"1. BASIC SUPPLEMENTS";4467;;"Boja:Bež | Veličina:XXL";4166.67;4166.67;14;https://www.ogistra-nutrition-shop.com/4692-large_default/bs-mens-oversized-sweatshirt.jpg
1672;"BS Men’s Tracksuit Bottoms / Wide";02229;"1. BASIC SUPPLEMENTS";4468;;"Boja:Bež | Veličina:M";4166.67;4166.67;14;https://www.ogistra-nutrition-shop.com/4679-large_default/bs-mens-tracksuit-bottoms-wide.jpg
1672;"BS Men’s Tracksuit Bottoms / Wide";02229;"1. BASIC SUPPLEMENTS";4469;;"Boja:Bež | Veličina:L";4166.67;4166.67;11;https://www.ogistra-nutrition-shop.com/4679-large_default/bs-mens-tracksuit-bottoms-wide.jpg
1672;"BS Men’s Tracksuit Bottoms / Wide";02229;"1. BASIC SUPPLEMENTS";4470;;"Boja:Bež | Veličina:XL";4166.67;4166.67;15;https://www.ogistra-nutrition-shop.com/4679-large_default/bs-mens-tracksuit-bottoms-wide.jpg
1672;"BS Men’s Tracksuit Bottoms / Wide";02229;"1. BASIC SUPPLEMENTS";4471;;"Boja:Bež | Veličina:XXL";4166.67;4166.67;14;https://www.ogistra-nutrition-shop.com/4679-large_default/bs-mens-tracksuit-bottoms-wide.jpg
1673;"BS Men’s Tracksuit Bottoms";;"1. BASIC SUPPLEMENTS";4472;02234;"Boja:Siva | Veličina:M";4000.00;4000.00;13;https://www.ogistra-nutrition-shop.com/4816-large_default/bs-mens-tracksuit-bottoms.jpg
1673;"BS Men’s Tracksuit Bottoms";;"1. BASIC SUPPLEMENTS";4473;02233;"Boja:Mint | Veličina:M";4000.00;4000.00;15;https://www.ogistra-nutrition-shop.com/4819-large_default/bs-mens-tracksuit-bottoms.jpg
1673;"BS Men’s Tracksuit Bottoms";;"1. BASIC SUPPLEMENTS";4474;02234;"Boja:Siva | Veličina:L";4000.00;4000.00;14;https://www.ogistra-nutrition-shop.com/4816-large_default/bs-mens-tracksuit-bottoms.jpg
1673;"BS Men’s Tracksuit Bottoms";;"1. BASIC SUPPLEMENTS";4475;02233;"Boja:Mint | Veličina:L";4000.00;4000.00;17;https://www.ogistra-nutrition-shop.com/4819-large_default/bs-mens-tracksuit-bottoms.jpg
1673;"BS Men’s Tracksuit Bottoms";;"1. BASIC SUPPLEMENTS";4476;02234;"Boja:Siva | Veličina:XL";4000.00;4000.00;12;https://www.ogistra-nutrition-shop.com/4816-large_default/bs-mens-tracksuit-bottoms.jpg
1673;"BS Men’s Tracksuit Bottoms";;"1. BASIC SUPPLEMENTS";4477;02233;"Boja:Mint | Veličina:XL";4000.00;4000.00;16;https://www.ogistra-nutrition-shop.com/4819-large_default/bs-mens-tracksuit-bottoms.jpg
1673;"BS Men’s Tracksuit Bottoms";;"1. BASIC SUPPLEMENTS";4478;02234;"Boja:Siva | Veličina:XXL";4000.00;4000.00;15;https://www.ogistra-nutrition-shop.com/4816-large_default/bs-mens-tracksuit-bottoms.jpg
1673;"BS Men’s Tracksuit Bottoms";;"1. BASIC SUPPLEMENTS";4479;02233;"Boja:Mint | Veličina:XXL";4000.00;4000.00;15;https://www.ogistra-nutrition-shop.com/4819-large_default/bs-mens-tracksuit-bottoms.jpg
1674;"BS Women’s Flux Sports Bra";02242;"1. BASIC SUPPLEMENTS";4514;;"Boja:Navy Blue | Veličina:XS";2500.00;2500.00;51;https://www.ogistra-nutrition-shop.com/4783-large_default/bs-womens-flux-sports-bra.jpg
1674;"BS Women’s Flux Sports Bra";02242;"1. BASIC SUPPLEMENTS";4515;;"Boja:Navy Blue | Veličina:S";2500.00;2500.00;49;https://www.ogistra-nutrition-shop.com/4783-large_default/bs-womens-flux-sports-bra.jpg
1674;"BS Women’s Flux Sports Bra";02242;"1. BASIC SUPPLEMENTS";4516;;"Boja:Navy Blue | Veličina:M";2500.00;2500.00;12;https://www.ogistra-nutrition-shop.com/4783-large_default/bs-womens-flux-sports-bra.jpg
1674;"BS Women’s Flux Sports Bra";02242;"1. BASIC SUPPLEMENTS";4517;;"Boja:Navy Blue | Veličina:L";2500.00;2500.00;19;https://www.ogistra-nutrition-shop.com/4783-large_default/bs-womens-flux-sports-bra.jpg
1675;"BS Women’s Vortex Sports Bra";;"1. BASIC SUPPLEMENTS";4484;02240;"Boja:Crna | Veličina:XS";2500.00;2500.00;52;https://www.ogistra-nutrition-shop.com/4781-large_default/bs-womens-vortex-sports-bra.jpg
1675;"BS Women’s Vortex Sports Bra";;"1. BASIC SUPPLEMENTS";4485;02240;"Boja:Crna | Veličina:S";2500.00;2500.00;43;https://www.ogistra-nutrition-shop.com/4781-large_default/bs-womens-vortex-sports-bra.jpg
1675;"BS Women’s Vortex Sports Bra";;"1. BASIC SUPPLEMENTS";4486;02240;"Boja:Crna | Veličina:M";2500.00;2500.00;9;https://www.ogistra-nutrition-shop.com/4781-large_default/bs-womens-vortex-sports-bra.jpg
1675;"BS Women’s Vortex Sports Bra";;"1. BASIC SUPPLEMENTS";4487;02240;"Boja:Crna | Veličina:L";2500.00;2500.00;20;https://www.ogistra-nutrition-shop.com/4781-large_default/bs-womens-vortex-sports-bra.jpg
1675;"BS Women’s Vortex Sports Bra";;"1. BASIC SUPPLEMENTS";4526;02239;"Boja:Bež | Veličina:XS";2500.00;2500.00;50;https://www.ogistra-nutrition-shop.com/4825-large_default/bs-womens-vortex-sports-bra.jpg
1675;"BS Women’s Vortex Sports Bra";;"1. BASIC SUPPLEMENTS";4527;02239;"Boja:Bež | Veličina:S";2500.00;2500.00;51;https://www.ogistra-nutrition-shop.com/4825-large_default/bs-womens-vortex-sports-bra.jpg
1675;"BS Women’s Vortex Sports Bra";;"1. BASIC SUPPLEMENTS";4528;02239;"Boja:Bež | Veličina:M";2500.00;2500.00;14;https://www.ogistra-nutrition-shop.com/4825-large_default/bs-womens-vortex-sports-bra.jpg
1675;"BS Women’s Vortex Sports Bra";;"1. BASIC SUPPLEMENTS";4529;02239;"Boja:Bež | Veličina:L";2500.00;2500.00;22;https://www.ogistra-nutrition-shop.com/4825-large_default/bs-womens-vortex-sports-bra.jpg
1676;"BS Women’s AeroFit Sports Bra";02244;"1. BASIC SUPPLEMENTS";4488;;"Boja:Sky Blue | Veličina:XS";2500.00;2500.00;52;https://www.ogistra-nutrition-shop.com/4735-large_default/bs-womens-aerofit-sports-bra.jpg
1676;"BS Women’s AeroFit Sports Bra";02244;"1. BASIC SUPPLEMENTS";4489;;"Boja:Sky Blue | Veličina:S";2500.00;2500.00;49;https://www.ogistra-nutrition-shop.com/4735-large_default/bs-womens-aerofit-sports-bra.jpg
1676;"BS Women’s AeroFit Sports Bra";02244;"1. BASIC SUPPLEMENTS";4490;;"Boja:Sky Blue | Veličina:M";2500.00;2500.00;5;https://www.ogistra-nutrition-shop.com/4735-large_default/bs-womens-aerofit-sports-bra.jpg
1676;"BS Women’s AeroFit Sports Bra";02244;"1. BASIC SUPPLEMENTS";4491;;"Boja:Sky Blue | Veličina:L";2500.00;2500.00;18;https://www.ogistra-nutrition-shop.com/4735-large_default/bs-womens-aerofit-sports-bra.jpg
1677;"BS Women’s Flux Leggings";02241;"1. BASIC SUPPLEMENTS";4492;;Veličina:XS;4666.67;4666.67;49;https://www.ogistra-nutrition-shop.com/4787-large_default/bs-womens-flux-leggings.jpg
1677;"BS Women’s Flux Leggings";02241;"1. BASIC SUPPLEMENTS";4493;;Veličina:S;4666.67;4666.67;46;https://www.ogistra-nutrition-shop.com/4787-large_default/bs-womens-flux-leggings.jpg
1677;"BS Women’s Flux Leggings";02241;"1. BASIC SUPPLEMENTS";4494;;Veličina:M;4666.67;4666.67;15;https://www.ogistra-nutrition-shop.com/4787-large_default/bs-womens-flux-leggings.jpg
1677;"BS Women’s Flux Leggings";02241;"1. BASIC SUPPLEMENTS";4495;;Veličina:L;4666.67;4666.67;22;https://www.ogistra-nutrition-shop.com/4787-large_default/bs-womens-flux-leggings.jpg
1679;"BS Women’s Vortex Leggings";;"1. BASIC SUPPLEMENTS";4496;02238;"Boja:Crna | Veličina:XS";4666.67;4666.67;51;https://www.ogistra-nutrition-shop.com/4742-large_default/bs-womens-vortex-leggings.jpg
1679;"BS Women’s Vortex Leggings";;"1. BASIC SUPPLEMENTS";4497;02238;"Boja:Crna | Veličina:S";4666.67;4666.67;43;https://www.ogistra-nutrition-shop.com/4742-large_default/bs-womens-vortex-leggings.jpg
1679;"BS Women’s Vortex Leggings";;"1. BASIC SUPPLEMENTS";4498;02238;"Boja:Crna | Veličina:M";4666.67;4666.67;17;https://www.ogistra-nutrition-shop.com/4742-large_default/bs-womens-vortex-leggings.jpg
1679;"BS Women’s Vortex Leggings";;"1. BASIC SUPPLEMENTS";4499;02238;"Boja:Crna | Veličina:L";4666.67;4666.67;19;https://www.ogistra-nutrition-shop.com/4742-large_default/bs-womens-vortex-leggings.jpg
1679;"BS Women’s Vortex Leggings";;"1. BASIC SUPPLEMENTS";4518;02237;"Boja:Bež | Veličina:XS";4666.67;4666.67;52;https://www.ogistra-nutrition-shop.com/4813-large_default/bs-womens-vortex-leggings.jpg
1679;"BS Women’s Vortex Leggings";;"1. BASIC SUPPLEMENTS";4519;02237;"Boja:Bež | Veličina:S";4666.67;4666.67;45;https://www.ogistra-nutrition-shop.com/4813-large_default/bs-womens-vortex-leggings.jpg
1679;"BS Women’s Vortex Leggings";;"1. BASIC SUPPLEMENTS";4520;02237;"Boja:Bež | Veličina:M";4666.67;4666.67;19;https://www.ogistra-nutrition-shop.com/4813-large_default/bs-womens-vortex-leggings.jpg
1679;"BS Women’s Vortex Leggings";;"1. BASIC SUPPLEMENTS";4521;02237;"Boja:Bež | Veličina:L";4666.67;4666.67;23;https://www.ogistra-nutrition-shop.com/4813-large_default/bs-womens-vortex-leggings.jpg
1680;"BS Women’s AeroFit Shorts";02243;"1. BASIC SUPPLEMENTS";4537;;"Boja:Sky Blue | Veličina:XS";4166.67;4166.67;54;https://www.ogistra-nutrition-shop.com/4753-large_default/bs-womens-aerofit-shorts.jpg
1680;"BS Women’s AeroFit Shorts";02243;"1. BASIC SUPPLEMENTS";4538;;"Boja:Sky Blue | Veličina:S";4166.67;4166.67;47;https://www.ogistra-nutrition-shop.com/4753-large_default/bs-womens-aerofit-shorts.jpg
1680;"BS Women’s AeroFit Shorts";02243;"1. BASIC SUPPLEMENTS";4539;;"Boja:Sky Blue | Veličina:M";4166.67;4166.67;16;https://www.ogistra-nutrition-shop.com/4753-large_default/bs-womens-aerofit-shorts.jpg
1680;"BS Women’s AeroFit Shorts";02243;"1. BASIC SUPPLEMENTS";4540;;"Boja:Sky Blue | Veličina:L";4166.67;4166.67;20;https://www.ogistra-nutrition-shop.com/4753-large_default/bs-womens-aerofit-shorts.jpg
1681;"BS Women’s Aero Sport Dress";;"1. BASIC SUPPLEMENTS";4506;02245;"Boja:Crna | Veličina:XS";5666.67;5666.67;50;https://www.ogistra-nutrition-shop.com/4767-large_default/bs-womens-aero-sport-dress.jpg
1681;"BS Women’s Aero Sport Dress";;"1. BASIC SUPPLEMENTS";4507;02246;"Boja:Roza | Veličina:XS";5666.67;5666.67;52;https://www.ogistra-nutrition-shop.com/4778-large_default/bs-womens-aero-sport-dress.jpg
1681;"BS Women’s Aero Sport Dress";;"1. BASIC SUPPLEMENTS";4508;02245;"Boja:Crna | Veličina:S";5666.67;5666.67;50;https://www.ogistra-nutrition-shop.com/4767-large_default/bs-womens-aero-sport-dress.jpg
1681;"BS Women’s Aero Sport Dress";;"1. BASIC SUPPLEMENTS";4509;02246;"Boja:Roza | Veličina:S";5666.67;5666.67;51;https://www.ogistra-nutrition-shop.com/4778-large_default/bs-womens-aero-sport-dress.jpg
1681;"BS Women’s Aero Sport Dress";;"1. BASIC SUPPLEMENTS";4510;02245;"Boja:Crna | Veličina:M";5666.67;5666.67;15;https://www.ogistra-nutrition-shop.com/4767-large_default/bs-womens-aero-sport-dress.jpg
1681;"BS Women’s Aero Sport Dress";;"1. BASIC SUPPLEMENTS";4511;02246;"Boja:Roza | Veličina:M";5666.67;5666.67;19;https://www.ogistra-nutrition-shop.com/4778-large_default/bs-womens-aero-sport-dress.jpg
1681;"BS Women’s Aero Sport Dress";;"1. BASIC SUPPLEMENTS";4512;02245;"Boja:Crna | Veličina:L";5666.67;5666.67;21;https://www.ogistra-nutrition-shop.com/4767-large_default/bs-womens-aero-sport-dress.jpg
1681;"BS Women’s Aero Sport Dress";;"1. BASIC SUPPLEMENTS";4513;02246;"Boja:Roza | Veličina:L";5666.67;5666.67;22;https://www.ogistra-nutrition-shop.com/4778-large_default/bs-womens-aero-sport-dress.jpg
1682;"DAILY HEALTH HOLIDAY PACK 1.";;"1. BASIC SUPPLEMENTS";;;;4541.67;4541.67;12;https://www.ogistra-nutrition-shop.com/4836-large_default/daily-health-holiday-pack-1.jpg
1683;"POWER HOLIDAY PACK 2.";;"1. BASIC SUPPLEMENTS";;;;10775.00;10775.00;96;https://www.ogistra-nutrition-shop.com/4837-large_default/power-holiday-pack-2.jpg
1684;"SLEEP HOLIDAY PACK 3.";;"1. BASIC SUPPLEMENTS";;;;4875.00;4875.00;55;https://www.ogistra-nutrition-shop.com/4838-large_default/sleep-holiday-pack-3.jpg
1685;"GUT SUPPORT HOLIDAY PACK 4.";;"1. BASIC SUPPLEMENTS";;;;6783.33;6783.33;99;https://www.ogistra-nutrition-shop.com/4839-large_default/gut-support-holiday-pack-4.jpg
1686;"SUPER CELL HOLIDAY PACK 5.";;"1. BASIC SUPPLEMENTS";;;;6025.00;6025.00;96;https://www.ogistra-nutrition-shop.com/4840-large_default/super-cell-holiday-pack-5.jpg
1697;"FAT BURN AND ENERGY PACK";;"1. BASIC SUPPLEMENTS";;;;7341.67;7341.67;90;https://www.ogistra-nutrition-shop.com/4862-large_default/fitness-paket-pro-whey-l-carnitine-magnezijum.jpg
1698;"BALANCE AND HORMONE PACK";;"1. BASIC SUPPLEMENTS";;;;7066.67;7066.67;79;https://www.ogistra-nutrition-shop.com/4861-large_default/balance-and-hormone-pack-omega3-magnezijum-probiotik-ashwagandha.jpg
1699;"STRONG START PACK";;"1. BASIC SUPPLEMENTS";;;;6633.33;6633.33;93;https://www.ogistra-nutrition-shop.com/4859-large_default/strong-start-pack-whey-kreatin-enzimi.jpg
1700;"GLOW AND SHAPE PACK";;"1. BASIC SUPPLEMENTS";;;;6141.67;6141.67;90;https://www.ogistra-nutrition-shop.com/4857-large_default/glow-and-shape-pack-whey-kolagen-omega3.jpg
1709;"CREA PRO  -Kreatin /100 grama (5g Kesica) BASIC SUPPLEMENTS";02271;"1. BASIC SUPPLEMENTS";;;;1500.00;1500.00;17058;https://www.ogistra-nutrition-shop.com/4925-large_default/crea-pro-kreatin-100-grama-5g-kesica-basic-supplements.jpg
1710;"PRO BAR Layered 40g - PROTEINSKA ČOKOLADICA / BASIC SUPPLEMENTS";;"1. BASIC SUPPLEMENTS";4565;02267;"Ukus:Chocolate Caramel with Vanilla Layer";200.00;200.00;14099;https://www.ogistra-nutrition-shop.com/4930-large_default/pro-bar-layered-40g-proteinska-cokoladica-basic-supplements.jpg
1710;"PRO BAR Layered 40g - PROTEINSKA ČOKOLADICA / BASIC SUPPLEMENTS";;"1. BASIC SUPPLEMENTS";4566;02268;"Ukus:Dark Chocolate with Cherry Layer";200.00;200.00;14306;https://www.ogistra-nutrition-shop.com/4933-large_default/pro-bar-layered-40g-proteinska-cokoladica-basic-supplements.jpg
1710;"PRO BAR Layered 40g - PROTEINSKA ČOKOLADICA / BASIC SUPPLEMENTS";;"1. BASIC SUPPLEMENTS";4567;02269;"Ukus:Dark Chocolate with Orange Layer";200.00;200.00;14124;https://www.ogistra-nutrition-shop.com/4936-large_default/pro-bar-layered-40g-proteinska-cokoladica-basic-supplements.jpg
1710;"PRO BAR Layered 40g - PROTEINSKA ČOKOLADICA / BASIC SUPPLEMENTS";;"1. BASIC SUPPLEMENTS";4568;02270;"Ukus:White Chocolate with Forest Fruit Layer";200.00;200.00;14154;https://www.ogistra-nutrition-shop.com/4939-large_default/pro-bar-layered-40g-proteinska-cokoladica-basic-supplements.jpg
1715;"PRO WHEY 2.27KG + CREAPRO 500G - OSNOVNI PAKET ZA POČETNIKE";;"1. BASIC SUPPLEMENTS";;;;10375.00;10375.00;29;https://www.ogistra-nutrition-shop.com/4975-large_default/whey-protein-227kg-kreatin-monohidrat-500g.jpg
